accelerometerXAxis,accelerometerYAxis,accelerometerZAxis,gyroscopeXAxis,gyroscopeYAxis,gyroscopeZAxis,label
0.6373924764338879,2.80719718337059,0.05328369140624989,0.05009095155401139,-0.0183259570039808,-0.014049900928512101,Normal
0.6359353365842251,2.5144467651844025,0.3285608291625975,0.07147123542381438,-0.040317106060683505,-0.0537561399396507,Normal
0.36320498608984036,2.27218496799469,0.1750574111938476,0.07269296544836822,-0.043982298113405406,-0.09346237918361999,Normal
0.1526259633246809,-0.07970798015594482,0.5677146911621094,0.03237585845636202,-0.0091629801318048,-0.1331686191260812,Normal
-0.12325808405876151,0.5877499580383301,0.4472589492797852,0.05253441008972001,0.0030543248285540177,-0.1631010174751279,Normal
-0.3542628958821295,-0.280057430267334,-0.23793029785156242,0.009162976697553015,0.03481931734131642,-0.1685988046228883,Normal
-0.38888084143400176,0.35739970207214355,0.3725175857543946,0.0470366217195988,0.05925392854260261,-0.1612684242427347,Normal
-0.47176346927881224,1.3687301874160767,-0.41958713531494135,0.0977384373545646,0.06291912059532462,-0.1569923684000967,Normal
-0.24248751252889608,0.1146597862243652,-0.0050201416015625555,0.0482583534903823,0.0763581562787292,-0.1533271744847296,Normal
-0.1390240043401716,0.6044771671295166,0.6602354049682617,0.08063421165570589,0.07147123478353,-0.13927727565169318,Normal
-0.01629711687564841,-0.01603302359580991,0.11032390594482416,0.0439822976477441,0.0390953756868838,-0.1020144948270171,Normal
0.1433961763978004,0.2296662926673889,0.5954170227050781,0.015271630603819898,0.012217304669320602,-0.061697388766333496,Normal
0.9020063504576682,1.0646396279335022,1.5355310440063477,0.0507018156349658,0.029932395555079004,-0.0171042263973506,Normal
0.6838569715619086,2.9084247946739197,0.8056116104125977,0.03909537597792222,-0.0030543273314831976,-0.007330381544307003,Aggressive
0.8967531993985174,3.7938185036182404,1.91534423828125,0.05925392854260282,0.014660764485597704,-0.0366519126109779,Aggressive
0.74630007147789,2.6045777797698975,1.980682373046875,0.037873645604122416,0.011606438551098202,-0.07819074997678391,Aggressive
0.011225670576095588,2.2928820848464966,0.9297866821289062,0.04825835424708201,-0.0152716310694813,-0.1307251621037719,Normal
0.5273963510990143,-0.050559282302856445,1.6347770690917969,0.03359758853912359,0.005497786856722082,-0.1588249653577802,Normal
0.4085939824581146,-0.7224981784820557,1.1264533996582031,0.043371431529522,0.01832595717860378,-0.17898352071642848,Normal
0.5013580769300461,0.10515344142913821,1.9183855056762695,0.0781907504424452,0.01832595717860378,-0.19425515085458733,Normal
0.7186265289783476,-0.6175088882446289,1.6345148091204464,0.053756141103804,0.01649336115224288,-0.2076941840350626,Normal
0.7307944595813749,-1.307049036026001,2.05077362107113,0.0219911476597189,0.04642575886100529,-0.2247984074056147,Normal
0.8995766639709472,-1.4869025722146034,1.5471191410906613,0.019547688774764496,0.08002334926277399,-0.2351831160485743,Normal
0.9370127469301223,-1.3838242962956429,0.8224239354021847,0.011606440879404495,0.0733038312755525,-0.1777617835905402,Normal
0.8057071641087531,-1.142719067633152,0.7169713973999023,-0.018325957469642103,0.06841690931469209,-0.11667526024393739,Normal
1.1353775933384895,1.1447205170989037,1.3928794860839844,0.0678060436621308,0.0708603681996465,-0.0464257590938361,Normal
0.6838569715619086,2.9084247946739197,0.8056116104125977,0.03909537597792222,-0.0030543273314831976,-0.007330381544307003,Aggressive
0.8967531993985174,3.7938185036182404,1.91534423828125,0.05925392854260282,0.014660764485597704,-0.0366519126109779,Aggressive
0.74630007147789,2.6045777797698975,1.980682373046875,0.037873645604122416,0.011606438551098202,-0.07819074997678391,Aggressive
0.011225670576095588,2.2928820848464966,0.9297866821289062,0.04825835424708201,-0.0152716310694813,-0.1307251621037719,Normal
0.5273963510990143,-0.050559282302856445,1.6347770690917969,0.03359758853912359,0.005497786856722082,-0.1588249653577802,Normal
0.4085939824581146,-0.7224981784820557,1.1264533996582031,0.043371431529522,0.01832595717860378,-0.17898352071642848,Normal
0.5013580769300461,0.10515344142913821,1.9183855056762695,0.0781907504424452,0.01832595717860378,-0.19425515085458733,Normal
0.7186265289783476,-0.6175088882446289,1.6345148091204464,0.053756141103804,0.01649336115224288,-0.2076941840350626,Normal
0.7307944595813749,-1.307049036026001,2.05077362107113,0.0219911476597189,0.04642575886100529,-0.2247984074056147,Normal
0.8995766639709472,-1.4869025722146034,1.5471191410906613,0.019547688774764496,0.08002334926277399,-0.2351831160485743,Normal
0.9310458302497863,-1.1792887523770332,0.6327867512591183,0.006108652800321694,0.0824668102432042,-0.1814269745955242,Normal
0.5828801542520523,-0.8325501754879951,0.717808723449707,-0.009162979200482306,0.058643065160140395,-0.1325577568495644,Normal
0.18617934733629232,1.5611207410693169,0.0071849822998045765,0.0549778714776038,0.0226020144764335,-0.0800233479822052,Normal
-0.1773272827267646,1.4818046987056732,-0.02806282043457041,0.044593160971999,-0.0378736460115758,-0.0494800839805973,Normal
-0.19650914520025248,1.5507076978683472,0.4060125350952147,0.0616973880678412,-0.039095377083867504,-0.08491026703268259,Normal
0.0071715191006660045,0.38117516040802,0.9284772872924804,0.0610865233466026,-0.001832596492022099,-0.1288925632834432,Normal
0.27404688298702223,-0.979188323020935,1.3527984619140623,0.0415388367837293,0.0171042261645198,-0.1710422635078428,Normal
0.5395149439573285,-0.6974564790725708,1.7675104141235352,0.0610865246271713,0.0470366226509212,-0.2089159078896044,Normal
0.9021285921335218,-1.1117472648620605,1.9504203796386719,0.043371432810090496,0.0708603681996462,-0.24190263450145708,Normal
1.0151257067918775,0.03227043151855463,1.1317481994628906,0.06719517742749309,0.0708603681996462,-0.2590068653225897,Normal
0.8786056637763975,0.3731297254562377,0.7001781463623048,0.054367006756365396,0.07635815627872919,-0.27855455130338647,Normal
0.9306472092866896,0.39607226848602284,0.676915168762207,0.0537561411038042,0.0647517172619698,-0.28527407348155953,Normal
0.8537689894437788,0.6177306175231931,1.0324153900146484,0.0647517158649861,0.0427605677396058,-0.2993239760398862,Normal
0.7628400474786758,1.264915943145752,1.5137853622436523,0.0488692182116209,0.0372627805918454,-0.3029891625046728,Normal
0.6829130351543427,0.5288600921630859,1.8544530868530273,0.0665843109600243,0.0238237446174024,-0.31581733375787724,Normal
0.4274599547497926,-0.9288287162780765,1.7174530029296875,0.0183259570039807,0.0470366235822438,-0.33841934800148,Normal
0.031233891379088108,0.7695431709289546,1.1112337112426758,0.0757472878322004,0.0329867238178848,-0.3457497283816337,Normal
-0.1608650689013302,0.18579411506652788,1.0083580017089844,0.0635299831628799,0.0250454754568636,-0.2736676312051713,Normal
-0.2565903780050575,0.8737106323242183,0.8086862564086914,0.0616973871365189,0.009162978734821199,-0.1924225562252103,Normal
-0.18712034448981268,2.1247305874712765,0.7265949249267577,0.08613199740648252,-0.0342084537260232,-0.11056661000475271,Normal
0.20895795896649366,0.47738874005153753,0.7302770614624023,0.0415388364344833,-0.0354301850311456,-0.0458148936741052,Normal
0.1960943080484868,0.5992256407625971,0.6716794967651367,0.0427605677396056,-0.039095375977922016,-0.083077674731612,Normal
0.32683750987052923,0.6175645594485102,0.9612627029418945,0.06902777310460781,-0.031154128082562016,-0.1252273777499793,Normal
0.17749930918216705,0.8024510145187376,1.0035552978515625,0.0684169074520466,0.001221730082761583,-0.1582141015678643,Normal
-0.10671027004718776,0.05861270427703835,0.7320966720581055,0.0256563397124408,0.045204027264844585,-0.1661553494632243,Normal
0.2424205839633941,0.044681072235107366,1.1237802505493164,0.0629191193729638,0.075747288763523,-0.1624901555478571,Normal
0.1583954328671098,-0.26951432228088384,0.9252300262451172,0.0250454740598798,0.0910189207643268,-0.14905111864209158,Normal
0.392885529436171,-0.47505450248718256,1.6692247390747068,0.0342084532603622,0.06780604150844718,-0.135612081736326,Normal
0.026461058296263218,-0.9666601419448853,1.8024072647094724,0.0317649925127626,0.05497787211788799,-0.144164193421602,Normal
-0.1348664751276375,-1.8446638882160187,0.759092330932617,0.013439035974442999,0.025045475631486486,-0.1539380401372907,Normal
-0.612320549786091,1.9651319682598114,1.8382968902587888,0.0659734457731246,-0.0042760570649989175,-0.1740965917706487,Normal
-0.5084667578339579,2.8888520896434784,0.34038639068603505,0.058032197877764605,0.018325956538319498,-0.21746802330017068,Normal
-0.25736824423074733,4.856912583112717,0.6295537948608398,0.1038470920175312,0.0097738429903983,-0.2522873431444166,Aggressive
-0.3580689877271652,5.322460889816284,1.0529146194458008,0.0708603677339851,0.0372627787292002,-0.2913827151060103,Aggressive
0.3476366251707077,1.4820162057876587,0.05168914794921864,0.0507018161006271,0.0849102679640052,-0.32681290060281737,Normal
-0.035222321748733396,0.9287246465682982,0.6686344146728515,0.042149701621383394,0.0659734453074632,-0.254730803426355,Normal
0.0015705712139606892,0.15462338924407948,0.3922910690307616,0.0238237441517412,0.048869218211621004,-0.1814269744791089,Normal
0.12118490412831309,0.10939872311428178,0.7738370895385741,0.0445931628346441,0.011606438551098197,-0.1081231473945079,Normal
0.20895795896649366,0.47738874005153753,0.7302770614624023,0.0415388364344833,-0.0354301850311456,-0.0458148936741052,Normal
0.1960943080484868,0.5992256407625971,0.6716794967651367,0.0427605677396056,-0.039095375977922016,-0.083077674731612,Normal
0.32683750987052923,0.6175645594485102,0.9612627029418945,0.06902777310460781,-0.031154128082562016,-0.1252273777499793,Normal
0.17749930918216705,0.8024510145187376,1.0035552978515625,0.0684169074520466,0.001221730082761583,-0.1582141015678643,Normal
-0.10671027004718776,0.05861270427703835,0.7320966720581055,0.0256563397124408,0.045204027264844585,-0.1661553494632243,Normal
0.2424205839633941,0.044681072235107366,1.1237802505493164,0.0629191193729638,0.075747288763523,-0.1624901555478571,Normal
0.1583954328671098,-0.26951432228088384,0.9252300262451172,0.0250454740598798,0.0910189207643268,-0.14905111864209158,Normal
0.392885529436171,-0.47505450248718256,1.6692247390747068,0.0342084532603622,0.06780604150844718,-0.135612081736326,Normal
0.026461058296263218,-0.9666601419448853,1.8024072647094724,0.0317649925127626,0.05497787211788799,-0.144164193421602,Normal
-0.1348664751276375,-1.8446638882160187,0.759092330932617,0.013439035974442999,0.025045475631486486,-0.1539380401372907,Normal
-0.612320549786091,1.9651319682598114,1.8382968902587888,0.0659734457731246,-0.0042760570649989175,-0.1740965917706487,Normal
-0.5084667578339579,2.8888520896434784,0.34038639068603505,0.058032197877764605,0.018325956538319498,-0.21746802330017068,Normal
-0.25736824423074733,4.856912583112717,0.6295537948608398,0.1038470920175312,0.0097738429903983,-0.2522873431444166,Aggressive
-0.3580689877271652,5.322460889816284,1.0529146194458008,0.0708603677339851,0.0372627787292002,-0.2913827151060103,Aggressive
0.3476366251707077,1.4820162057876587,0.05168914794921864,0.0507018161006271,0.0849102679640052,-0.32681290060281737,Normal
-0.01397133618593209,0.6961122453212737,0.353778839111328,0.032375857699662496,0.0604756583925335,-0.2535090735182164,Normal
0.3421076461672783,-0.0544614493846895,0.3203458786010741,0.040317105595022495,0.05253441026434301,-0.1802052445709703,Normal
0.2823804244399071,0.2529092133045195,0.5335330963134763,0.0769690200686454,0.012828169856220598,-0.1056796871125695,Normal
-0.18042881041765202,1.46013942360878,0.07234764099121088,0.0671951761469244,-0.0287106665782628,-0.0348193198442456,Normal
0.0571577548980714,0.8869749903678894,0.7761707305908203,0.07757988618686769,-0.0250454755732788,-0.0647517153993246,Normal
-0.49071776866912825,0.0411037802696228,0.7312631607055664,0.0458148927427827,0.0274889353895561,-0.0885754600167272,Normal
-0.04321788251399988,-0.11287945508956912,1.0730924606323242,0.0659734462387859,0.055588735849596504,-0.1001818999648092,Normal
0.43225306272506714,-1.6564825177192688,1.5111942291259766,0.04703662404790521,0.0763581540668381,-0.1081231478601692,Normal
-0.10407762229442596,-0.676835834980011,1.5690002441406248,0.0671951761469245,0.0904080551117656,-0.10934487916529159,Normal
0.4808476120233536,-0.14671111106872564,2.185911178588867,0.0867428639903663,0.0445931619033214,-0.1001818999648092,Normal
0.3831873685121536,-0.1539174318313598,2.3473262786865234,0.0653625810518859,0.0305432621389624,-0.1050688214600084,Normal
0.4962966740131378,0.43684363365173356,2.7776498794555664,0.07086036790860799,0.0238237448502329,-0.1069014165550468,Normal
0.9633910208940505,0.22696089744567882,2.7156429290771484,0.06780604150844718,0.0006108658853917013,-0.14110987074673148,Normal
0.7479297369718549,1.3185505867004395,2.631345748901367,0.05192354571772728,0.0177150920499115,-0.1954768747091291,Aggressive
0.6066867560148237,-0.48996734619140625,2.3339881896972656,0.028710665821563282,0.029932396719232104,-0.2522873394191263,Normal
0.4964642524719236,-1.9999940395355225,2.317866325378418,0.0678060408681629,0.0635299868881701,-0.30543261766433705,Normal
0.48554641008377064,-1.001336693763733,0.6480073928833008,0.12400564551353441,0.05375614203512651,-0.3182607889175414,Normal
0.8793826997280121,0.5486568212509151,-0.5380840301513672,0.11178834084421391,-0.0073303822427988954,-0.32986722886562336,Normal
0.8856044709682465,1.700281977653503,0.2434844970703125,0.113010071683675,-0.050090949982404695,-0.30360002815723414,Normal
0.5811445713043213,4.322709679603577,-0.3572101593017579,0.083688539918512,-0.15699237212538708,-0.288328394293785,Aggressive
0.4422003775835038,3.454848408699035,0.7641029357910154,0.0048869216116143996,-0.1325577613897622,-0.20647244993597266,Aggressive
-0.024048894643783503,1.205975130200386,1.3052568435668945,0.0207694183336568,-0.0995710380375385,-0.12095131882233548,Normal
-0.28683650493621815,2.350348547101021,0.1750478744506834,0.0342084538424385,-0.0751364277675747,-0.06475171510828658,Normal
-0.1570503711700439,2.6180579215288162,0.4426670074462889,0.0537561426172031,-0.0134390350431202,-0.0030543270404449823,Normal
0.08885358273982999,2.874174192547798,0.6097812652587888,0.0610865261405704,-0.038484509568661104,-0.025656342215370182,Normal
0.2327863425016403,2.03769052028656,0.9121398925781248,0.0745255611836908,-0.021991147659718803,-0.045814895071089004,Normal
0.6520873457193374,0.5560952425003052,0.9621505734976379,0.022602016106247798,0.0030543282628059977,-0.0745255611836908,Normal
0.5905010995920748,0.3030596971511843,0.7275543210562317,0.047036623582243794,0.0354301864281296,-0.0897971913218496,Normal
0.4724673626478761,-1.0116622447967527,0.9577045438345522,0.029321531765162997,0.0678060436621306,-0.0873537287116048,Normal
0.6048312631901352,0.3695497512817385,0.6500558850821108,0.0488692177459598,0.0971275754272936,-0.0916297845542428,Normal
0.38822545087896276,-0.16312015056610085,0.08781242370605469,0.043982296250760604,0.0568104684352874,-0.08002334460616078,Normal
0.14667488634586326,-2.0114253163337708,0.36092662811279297,0.0183259574696422,0.0372627805918454,-0.0897971894592044,Normal
0.2516259104013443,-0.7804692387580872,0.013656616210937417,0.0623082555830478,0.0592539310455321,-0.103847090154886,Normal
0.22660152614116671,-0.5860926508903503,0.17468929290771482,0.053756143897771794,0.010995577089488503,-0.11362093500792961,Normal
0.06044705212116251,0.6094151139259338,0.5613698959350586,0.0849102698266506,0.0604756614193319,-0.13255775719881038,Normal
0.5328535586595535,1.1195529699325562,0.611018180847168,0.0897971913218498,0.0849102707579731,-0.1594358272850512,Normal
0.7657497525215149,0.6498982906341553,0.9481220245361328,0.071471232920885,0.07208209950476879,-0.1960877440869807,Normal
0.1720850169658661,0.13846731185913078,0.6998834609985349,0.080023344606161,0.1020144969224928,-0.2339613921940325,Normal
0.7661874294281006,0.14739787578582755,1.64531135559082,0.1313360258936879,0.07269296544836822,-0.28038714826107014,Normal
0.20188763737678528,0.7806658744812011,0.9929838180541992,0.12828170135617228,0.012828172475565211,-0.3090978115797041,Normal
0.20840230584144587,0.9279574155807495,1.1193609237670898,0.12828170135617228,-0.045204027264844585,-0.3365867435932157,Normal
0.14317923784255981,1.589844822883606,0.1936511993408203,0.10995574481785271,-0.08857546065701158,-0.35979962348937966,Normal
-0.27195063233375555,1.539472222328186,0.27730846405029297,0.0629191206535323,-0.08307767380028949,-0.3316998258233068,Normal
-0.013679206371307387,1.5959111452102661,0.5359630584716796,0.0348193179816006,-0.04459316423162819,-0.2455678293481468,Normal
-0.39653544127941126,1.4399175196886063,0.18661880493164051,0.021991148591041402,-0.0164933623746037,-0.14844025828642768,Normal
-0.1514924317598342,1.0906909257173538,0.9880380630493162,0.023823745548725,0.0018325950950385007,-0.05558873777044928,Normal
-0.1570503711700439,2.6180579215288162,0.4426670074462889,0.0537561426172031,-0.0134390350431202,-0.0030543270404449823,Normal
0.08885358273982999,2.874174192547798,0.6097812652587888,0.0610865261405704,-0.038484509568661104,-0.025656342215370182,Normal
0.2327863425016403,2.03769052028656,0.9121398925781248,0.0745255611836908,-0.021991147659718803,-0.045814895071089004,Normal
0.6520873457193374,0.5560952425003052,0.9621505734976379,0.022602016106247798,0.0030543282628059977,-0.0745255611836908,Normal
0.5905010995920748,0.3030596971511843,0.7275543210562317,0.047036623582243794,0.0354301864281296,-0.0897971913218496,Normal
0.4724673626478761,-1.0116622447967527,0.9577045438345522,0.029321531765162997,0.0678060436621306,-0.0873537287116048,Normal
0.6048312631901352,0.3695497512817385,0.6500558850821108,0.0488692177459598,0.0971275754272936,-0.0916297845542428,Normal
0.38822545087896276,-0.16312015056610085,0.08781242370605469,0.043982296250760604,0.0568104684352874,-0.08002334460616078,Normal
0.14667488634586326,-2.0114253163337708,0.36092662811279297,0.0183259574696422,0.0372627805918454,-0.0897971894592044,Normal
0.2516259104013443,-0.7804692387580872,0.013656616210937417,0.0623082555830478,0.0592539310455321,-0.103847090154886,Normal
0.22660152614116671,-0.5860926508903503,0.17468929290771482,0.053756143897771794,0.010995577089488503,-0.11362093500792961,Normal
0.06044705212116251,0.6094151139259338,0.5613698959350586,0.0849102698266506,0.0604756614193319,-0.13255775719881038,Normal
0.5328535586595535,1.1195529699325562,0.611018180847168,0.0897971913218498,0.0849102707579731,-0.1594358272850512,Normal
0.7657497525215149,0.6498982906341553,0.9481220245361328,0.071471232920885,0.07208209950476879,-0.1960877440869807,Normal
0.1720850169658661,0.13846731185913078,0.6998834609985349,0.080023344606161,0.1020144969224928,-0.2339613921940325,Normal
0.7661874294281006,0.14739787578582755,1.64531135559082,0.1313360258936879,0.07269296544836822,-0.28038714826107014,Normal
0.20188763737678528,0.7806658744812011,0.9929838180541992,0.12828170135617228,0.012828172475565211,-0.3090978115797041,Normal
0.20840230584144587,0.9279574155807495,1.1193609237670898,0.12828170135617228,-0.045204027264844585,-0.3365867435932157,Normal
0.14317923784255981,1.589844822883606,0.1936511993408203,0.10995574481785271,-0.08857546065701158,-0.35979962348937966,Normal
-0.27195063233375555,1.539472222328186,0.27730846405029297,0.0629191206535323,-0.08307767380028949,-0.3316998258233068,Normal
-0.1659591048955918,1.163426123559475,0.6254692077636718,0.0311541269766166,-0.04214970394968989,-0.2498438863549379,Normal
-0.6580520421266555,1.9614842757582664,-0.17123126983642578,0.0299323966028168,-0.0177150936797261,-0.1624901585746554,Normal
-0.11885990202426899,2.2137231454253197,0.7001800537109375,0.045814894256182,0.001221728511154701,-0.07452556001953749,Normal
-0.2702687680721281,1.8456668481230736,0.5150566101074219,0.0555887378286569,-0.0250454768538474,-0.0335975883062926,Normal
0.02819697558879869,0.8681119680404662,0.6127481460571289,0.0500909509137272,-0.05070181656628821,-0.0623082551173863,Normal
0.1391704082489014,-0.4026992321014405,0.8712844848632812,0.027488936670124597,-0.0024434626102445983,-0.0818559438921509,Normal
-0.19531033933162678,-0.9071996212005615,1.0204172134399414,0.038484510965645397,0.006108651403337702,-0.1014036322012542,Normal
-0.005435347557067885,-1.1868969202041626,0.39204216003417963,0.007330383174121598,0.0329867228865622,-0.1099557448178528,Normal
-0.15092145651578898,0.586958646774292,0.3400678634643553,0.0671951780095697,0.0928515158593652,-0.1081231497228144,Normal
-0.10852583870291709,0.6429885625839233,0.13033580780029277,0.0763581572100519,0.059864793438464105,-0.11728612706065158,Normal
0.299494195729494,-0.08987176418304448,0.9551057815551758,0.0513126822188495,0.0537561414530499,-0.12950343079864962,Normal
0.8366273529827595,0.8749768733978271,1.4802656173706055,0.0995710371062157,0.076358156162314,-0.1472185254096983,Normal
0.4588108770549296,-0.0685946941375733,1.1654796600341797,0.0702495044097302,0.0207694199634716,-0.1637118868529794,Normal
0.6509766280651093,-0.12844896316528323,1.7896919250488281,0.08857546187937239,0.0433714337414131,-0.1808161139488218,Normal
0.17811974883079534,-0.06823205947875982,0.7748756408691406,0.1044579595327375,0.060475659556686795,-0.205861587077379,Normal
0.11626669764518738,-0.14809119701385498,1.2676267623901367,0.0244346130639313,0.0659734467044472,-0.221744082868099,Normal
1.3266707956790924,3.536206126213074,3.5985174179077144,0.0983493048697708,0.0824668081477282,-0.2620611861348151,Aggressive
1.458060771226883,5.69788670539856,3.5894889831542964,0.1252273768186567,0.0629191203042862,-0.2944370433688162,Aggressive
1.5514830648899078,6.384671688079834,5.084729194641113,0.0995710352435706,0.09162978734821059,-0.30298916250467284,Aggressive
0.3992631137371063,6.396012663841248,3.543503761291504,0.1600466929376123,0.04092797171324479,-0.31276300549507124,Aggressive
-0.6728526949882507,3.6744128465652466,1.2633047103881836,0.06291912187589319,0.0042760577052832,-0.30298916250467267,Normal
-0.41520777344703674,1.5302824974060059,1.8824844360351562,0.03359758917940768,0.0036651929840446004,-0.2779436893761155,Normal
-0.09068992733955389,0.15240478515625,1.0823545455932617,0.053756141744088284,-0.0684169055894016,-0.2718350328505037,Normal
-0.1485016644001007,0.6114985942840576,1.7769756317138672,0.07635815691901358,-0.065973444841802,-0.23884830996394138,Normal
0.25395557284355164,-0.03167796134948739,2.901679039001465,0.1160643976181744,-0.0305432616733014,-0.1918116882443427,Normal
-0.36832068860530864,0.23011523485183705,1.7754592895507812,0.09773843985749398,-0.0360410488210618,-0.12889256764901796,Normal
-0.2967202365398408,2.6197020411491394,1.3251953125,0.07391469570575268,-0.0372627801261842,-0.07147123542381438,Normal
0.3273599441163242,2.5457339882850647,1.2202367782592773,0.05070181580958868,-0.034819319378584596,-0.04520402912748958,Normal
0.3182966406457126,2.661738693714142,0.5230998992919922,0.017104227270465084,-0.039706241339444996,-0.03726277936948438,Normal
0.1948600406758488,2.956340789794922,0.8072595596313475,0.0311541273258623,-0.0287106670439242,-0.0586430635303256,Normal
0.46394918812438857,1.2124072313308716,1.1207942962646484,0.044593162834644,0.0183259565383196,-0.0519235460087654,Normal
0.7213074415922165,-0.4084690809249879,1.4210758209228516,0.025656340643763396,0.053145274519920196,-0.051923546008765406,Normal
0.5121571570634842,0.09869301319122292,0.9777469635009766,0.0641408506780862,0.082466806285083,-0.042149703018367,Normal
0.7067085355520248,-0.7938336133956909,1.0106573104858398,0.044593163765966906,0.0720820969436315,-0.0317649934440848,Normal
0.0552173405885697,-1.4869383573532104,0.29156970977783203,0.0525344116613269,0.0629191186744717,-0.0421497020870444,Normal
-0.06827548146247858,-1.206755816936493,1.270498275756836,0.0403171060606837,0.054367006057873105,-0.052534410730004005,Normal
-0.10148194432258599,-2.3272858262062073,1.8412342071533203,0.012217304669320497,0.0464257581625131,-0.064140850678086,Normal
-0.0672132298350334,-0.2303408980369568,2.5069684982299805,0.063529985025525,0.0769690200686452,-0.086131998337805,Normal
0.0906095094978808,0.15137904882431036,2.3364763259887695,0.054977871477603794,0.09773843828588699,-0.1148426663130519,Normal
0.4443035759031772,0.1771305799484253,0.9396429066546261,0.08613199926912758,0.107512282207608,-0.1404990069568155,Normal
0.6996423937380312,1.048196792602539,0.25560188340023166,0.1111774761229751,0.09896016865968679,-0.1771509200334547,Normal
0.26154739782214154,-0.007807016372680664,-0.42280864669010043,0.08735373057424989,0.0763581553474066,-0.22296581417322142,Normal
0.5396797955036163,0.23476910591125488,0.4617061619646848,0.1056796871125695,0.070249502547085,-0.25595253333449347,Normal
0.042174808681011186,1.2912476062774658,0.9951868057250977,0.13072516210377189,0.03237585723400099,-0.2871066592633723,Normal
0.007915325462818097,0.15644586086273193,2.3850603103637695,0.1307251621037719,-0.08368854224681861,-0.2950479090213774,Normal
1.8073825314640999,-0.9111104011535645,3.307117462158203,0.1368338149040935,-0.18997909221798182,-0.28588493168354023,Normal
2.171352155506611,-0.7488185167312622,3.0531625747680664,0.0922406525351106,-0.221133219078183,-0.27488935738801945,Aggressive
2.5295426100492477,-1.2373450994491577,2.899141311645508,0.081855943892151,-0.23273965809494243,-0.2541199401021002,Normal
2.6961391866207123,-0.9845620393753052,3.2735395431518555,0.045814893208444,-0.14844025205820782,-0.2309070602059363,Aggressive
1.5418741405010223,-0.6244730949401855,2.805598258972168,0.037873645313084,-0.057421333622187105,-0.19730947166681279,Normal
0.911008521914482,-1.0788886547088623,2.381869316101074,0.0726929646916685,-0.052534411428496,-0.1679879426956176,Normal
0.1299381405115128,-1.1259815096855161,2.605987548828125,0.0763581548817453,-0.0280998020898549,-0.13011429831385599,Normal
-0.07751390337944036,-0.7046775817871094,0.9733772277832032,0.07086036790860797,-0.005497786914929699,-0.08491027046693479,Normal
-0.17126168310642248,1.2641639709472656,0.5624141693115235,0.058032198052387476,-0.0293215319979936,-0.05803219851804878,Normal
-0.19898292468860737,2.0197173357009888,0.8140859603881836,0.03543018380878468,-0.0378736453130841,-0.03237585787428518,Normal
0.3182966406457126,2.661738693714142,0.5230998992919922,0.017104227270465084,-0.039706241339444996,-0.03726277936948438,Normal
0.1948600406758488,2.956340789794922,0.8072595596313475,0.0311541273258623,-0.0287106670439242,-0.0586430635303256,Normal
0.46394918812438857,1.2124072313308716,1.1207942962646484,0.044593162834644,0.0183259565383196,-0.0519235460087654,Normal
0.7213074415922165,-0.4084690809249879,1.4210758209228516,0.025656340643763396,0.053145274519920196,-0.051923546008765406,Normal
0.5121571570634842,0.09869301319122292,0.9777469635009766,0.0641408506780862,0.082466806285083,-0.042149703018367,Normal
0.7067085355520248,-0.7938336133956909,1.0106573104858398,0.044593163765966906,0.0720820969436315,-0.0317649934440848,Normal
0.0552173405885697,-1.4869383573532104,0.29156970977783203,0.0525344116613269,0.0629191186744717,-0.0421497020870444,Normal
-0.06827548146247858,-1.206755816936493,1.270498275756836,0.0403171060606837,0.054367006057873105,-0.052534410730004005,Normal
-0.10148194432258599,-2.3272858262062073,1.8412342071533203,0.012217304669320497,0.0464257581625131,-0.064140850678086,Normal
-0.0672132298350334,-0.2303408980369568,2.5069684982299805,0.063529985025525,0.0769690200686452,-0.086131998337805,Normal
0.0906095094978808,0.15137904882431036,2.3364763259887695,0.054977871477603794,0.09773843828588699,-0.1148426663130519,Normal
0.4443035759031772,0.1771305799484253,0.9396429066546261,0.08613199926912758,0.107512282207608,-0.1404990069568155,Normal
0.6996423937380312,1.048196792602539,0.25560188340023166,0.1111774761229751,0.09896016865968679,-0.1771509200334547,Normal
0.26154739782214154,-0.007807016372680664,-0.42280864669010043,0.08735373057424989,0.0763581553474066,-0.22296581417322142,Normal
0.5396797955036163,0.23476910591125488,0.4617061619646848,0.1056796871125695,0.070249502547085,-0.25595253333449347,Normal
0.042174808681011186,1.2912476062774658,0.9951868057250977,0.13072516210377189,0.03237585723400099,-0.2871066592633723,Normal
0.007915325462818097,0.15644586086273193,2.3850603103637695,0.1307251621037719,-0.08368854224681861,-0.2950479090213774,Normal
1.8073825314640999,-0.9111104011535645,3.307117462158203,0.1368338149040935,-0.18997909221798182,-0.28588493168354023,Normal
2.171352155506611,-0.7488185167312622,3.0531625747680664,0.0922406525351106,-0.221133219078183,-0.27488935738801945,Aggressive
2.5295426100492477,-1.2373450994491577,2.899141311645508,0.081855943892151,-0.23273965809494243,-0.2541199401021002,Normal
2.6961391866207123,-0.9845620393753052,3.2735395431518555,0.045814893208444,-0.14844025205820782,-0.2309070602059363,Aggressive
1.5418741405010223,-0.6244730949401855,2.805598258972168,0.037873645313084,-0.057421333622187105,-0.19730947166681279,Normal
0.911008521914482,-1.0788886547088623,2.381869316101074,0.0726929646916685,-0.052534411428496,-0.1679879426956176,Normal
0.1299381405115128,-1.1259815096855161,2.605987548828125,0.0763581548817453,-0.0280998020898549,-0.13011429831385599,Normal
-0.07127252955216218,-0.813755259276886,1.1254072185205077,0.07208223292088489,-0.011606439941290599,-0.08918632747921171,Normal
-0.056276507696815525,-0.20719550587338254,0.6712532043325194,0.08918645807744299,-0.0122173049804302,-0.06536258198240459,Normal
0.176565326930069,0.21564795041848764,1.2445354465385743,0.0623083866860799,-0.007941248,-0.036651915443281106,Normal
0.6792082269999999,1.5083872820000002,0.7527379989999999,0.074525694,-0.019547688,-0.051312682,Normal
0.9054630850000001,1.648284554,0.8030872349999999,0.090408055,-0.034208453,-0.105068824,Normal
0.521558568,-0.46596503300000003,0.983036995,0.010995575999999993,-0.024434609,-0.152105449,Normal
0.375109881,0.31753694999999993,1.2198457710000001,0.081855948,-0.024434609000000003,-0.20341812999999997,Normal
0.23949058299999998,-0.9544568059999999,1.0684642789999999,0.026267208999999993,-0.004276054999999999,-0.219300627,Normal
0.098231658,-0.8627296680000001,0.8073701860000001,0.052534413999999995,0.046425759,-0.20525072500000002,Normal
0.2062511,0.9627584220000001,0.992600441,0.10995574600000001,0.021380282999999996,-0.19303342,Normal
0.460703284,0.00276541700000002,0.815946579,0.007330381999999996,0.036651913999999994,-0.186313901,Normal
0.722360418,0.410320401,1.656834602,0.040317105,0.026267204,-0.20830505,Normal
1.4342324139999998,0.458582163,2.665557861,0.036041049,0.0018325949999999994,-0.254119944,Aggressive
1.385657191,1.119126082,2.131012916,0.040927971,0.063529987,-0.293826181,Aggressive
1.3074479399999999,1.115351201,2.5926637649999997,0.084299403,0.054977873999999996,-0.350636646,Aggressive
1.262191176,-0.206053614,3.319077492,0.064751716,0.086742866,-0.36285395200000004,Aggressive
0.10357379900000002,-1.310903549,1.8464879990000003,0.081245077,0.100792766,-0.376903854,Normal
0.07456901700000003,-0.3815579410000003,3.820229531,0.11301006999999999,0.004886922000000002,-0.38973202599999995,Normal
0.14208537300000001,-0.02619504900000008,2.535993577,0.14782938699999998,-0.044593165,-0.35308011699999997,Normal
-0.06434752099999998,2.1706260449999997,1.167611123,0.173485727,-0.04031710699999999,-0.33292156100000003,Normal
0.198544993,3.0895397669999998,2.830123902,0.12705997,-0.109955743,-0.30237829400000005,Aggressive
0.30372999500000003,1.0568127639999998,1.583406449,0.092851516,-0.054977872,-0.270613302,Normal
-0.40791405799999997,0.803263426,2.721404076,0.055588739,-0.023212877,-0.251676478,Normal
-1.062419266,0.062111854999999966,3.477396012,0.071471236,-0.089186323,-0.221744082,Normal
-1.397784561,0.374907494,3.1145305640000003,0.088575463,-0.030543260000000003,-0.17104227,Normal
-2.053409368,0.5709021089999999,2.9709367760000003,0.094684116,-0.051312679,-0.116675263,Normal
-1.92026496,0.321989536,2.989036561,0.112399207,-0.067806042,-0.061697390000000005,Normal
-1.172687886894496,0.3633849613010254,1.97108078068457,0.07757988701227692,-0.037873646026360896,-0.0280998010195698,Normal
-0.6544111506888305,0.30459731747079466,1.2707338340048828,0.07696902100347922,-0.04764749101408398,-0.0152716302887295,Normal
0.021883749865128296,0.7228432293640442,0.7718057635600586,0.056199601983909414,-0.03298672388308298,-0.0128281698630116,Normal
0.1058133486658333,1.3057698607444763,0.08816051483154289,0.03726277925306912,-0.006719517870806065,-0.032375857932492896,Normal
0.21013373881578432,1.4876262545585632,0.46700954437255837,0.0464257581625131,-0.0018325959099456646,-0.062308254651725,Normal
0.2594300433993339,1.6069419384002686,1.2140827178955076,0.0427605661097911,-0.02993239666102448,-0.0977384392172096,Normal
0.017762616276741083,0.38126564025878906,1.2005949020385742,0.021380282938480204,-0.012828170496504785,-0.14477506373077612,Normal
-0.028334349393844493,0.46905517578124994,1.7023067474365234,0.0348193189129232,-0.0048869219608606036,-0.18448130413889868,Normal
-0.35629467666149117,-0.06918931007385257,1.1546449661254883,0.0390953756868838,0.011606439948081798,-0.2058615870773791,Normal
-0.616407513618469,-0.47539639472961437,-0.1951894760131837,0.043982299044728196,0.032375857699662294,-0.2186897583305834,Normal
-0.5533269047737119,-0.3929913043975831,0.1972503662109375,0.0293215326964854,0.0268780705519019,-0.22113321721553791,Normal
-0.3320309668779372,-1.5443023443222046,0.3001728057861328,0.0384845100343226,0.0488692191429435,-0.2302961945533751,Normal
-0.5811908096075057,0.14294219017028809,0.7332210540771484,0.0629191193729638,0.029321531299501602,-0.2455678246915339,Normal
-0.2511990517377853,-0.0601699352264404,2.153390884399414,0.0574213322252034,0.0525344107300041,-0.25534166768193234,Normal
-0.3608715385198593,0.5851531028747559,1.533644676208496,0.0824668072164058,0.0726929642260073,-0.26022858917713154,Normal
0.11055873334407817,1.3798805475234985,1.5583114624023438,0.0806342121213674,0.05864306353032571,-0.2700024321675299,Normal
0.936224177479744,-0.1426289081573487,2.1117324829101562,0.0659734457731246,0.075747290626168,-0.28588493168354023,Normal
0.8150414004921913,0.1313412189483641,2.025236129760742,0.0733038280159234,0.0769690219312904,-0.2981022372841834,Normal
1.1971072629094124,0.5696395635604856,2.341830253601074,0.115453530102968,0.047647489234804996,-0.31948252022266377,Normal
1.1529933288693426,0.4709708690643308,2.011410713195801,0.1050688214600084,0.055588737130165,-0.3286455050110816,Normal
0.30106873065233214,0.5550193786621092,1.9221105575561523,0.1178969908505676,-0.005497787147760405,-0.3316998332738875,Normal
-0.14912942051887512,0.3107895851135253,1.5310516357421875,0.08491026749834411,-0.058032199740409796,-0.315206468105316,Normal
-0.4283499717712401,0.2395112514495849,1.2402973175048828,0.0684169060550629,-0.0690277740359306,-0.2901609949767587,Normal
-0.8758123219013213,0.24867749214172358,0.8167362213134765,0.0684169060550629,-0.1044579576700924,-0.2620611898601053,Normal
-0.43042859435081476,-0.3439655303955078,1.078465461730957,0.0531452759169041,-0.0806342139840124,-0.2150245644152162,Normal
-0.1713599786162375,-0.4248765707015991,1.412785530090332,0.07024950254708501,-0.0610865252092478,-0.18020524829626058,Normal
-0.1534499004483222,-0.2976408004760742,1.5483226776123047,0.0708603681996462,-0.053756142035126395,-0.14355333335697631,Normal
-0.37438563257455804,-0.501231253147125,1.294114112854004,0.077579886652529,-0.0726929642260072,-0.1166752632707355,Normal
-0.15692821890115716,-0.38768255710601796,0.29232788085937506,0.0794124836102126,-0.05314527574228102,-0.0971275735646484,Normal
-0.3085852712392806,0.2553239464759828,-0.6015138626098633,0.083077674731612,-0.028710666403640017,-0.080023346468806,Normal
-0.4111919105052947,-0.9889193177223204,-0.035851478576660156,0.0922406520694492,-0.03726277902023861,-0.0574213331565258,Normal
-0.1713752429932356,-0.5400066375732422,0.0911350250244142,0.06658431078540142,-0.009162978560198017,-0.026878070784732498,Normal
-0.2597778271883727,0.12061667442321777,0.16981983184814461,0.06841690588043982,-0.007941248535644181,-0.019547687610611097,Normal
0.09459712542593461,0.00465470552444458,0.532261848449707,0.05497787107015011,-0.02321287867380288,-0.018936822889372498,Normal
0.1058133486658333,1.3057698607444763,0.08816051483154289,0.03726277925306912,-0.006719517870806065,-0.032375857932492896,Normal
0.21013373881578432,1.4876262545585632,0.46700954437255837,0.0464257581625131,-0.0018325959099456646,-0.062308254651725,Normal
0.2594300433993339,1.6069419384002686,1.2140827178955076,0.0427605661097911,-0.02993239666102448,-0.0977384392172096,Normal
0.017762616276741083,0.38126564025878906,1.2005949020385742,0.021380282938480204,-0.012828170496504785,-0.14477506373077612,Normal
-0.028334349393844493,0.46905517578124994,1.7023067474365234,0.0348193189129232,-0.0048869219608606036,-0.18448130413889868,Normal
-0.35629467666149117,-0.06918931007385257,1.1546449661254883,0.0390953756868838,0.011606439948081798,-0.2058615870773791,Normal
-0.616407513618469,-0.47539639472961437,-0.1951894760131837,0.043982299044728196,0.032375857699662294,-0.2186897583305834,Normal
-0.5533269047737119,-0.3929913043975831,0.1972503662109375,0.0293215326964854,0.0268780705519019,-0.22113321721553791,Normal
-0.3320309668779372,-1.5443023443222046,0.3001728057861328,0.0384845100343226,0.0488692191429435,-0.2302961945533751,Normal
-0.5811908096075057,0.14294219017028809,0.7332210540771484,0.0629191193729638,0.029321531299501602,-0.2455678246915339,Normal
-0.2511990517377853,-0.0601699352264404,2.153390884399414,0.0574213322252034,0.0525344107300041,-0.25534166768193234,Normal
-0.3608715385198593,0.5851531028747559,1.533644676208496,0.0824668072164058,0.0726929642260073,-0.26022858917713154,Normal
0.11055873334407817,1.3798805475234985,1.5583114624023438,0.0806342121213674,0.05864306353032571,-0.2700024321675299,Normal
0.936224177479744,-0.1426289081573487,2.1117324829101562,0.0659734457731246,0.075747290626168,-0.28588493168354023,Normal
0.8150414004921913,0.1313412189483641,2.025236129760742,0.0733038280159234,0.0769690219312904,-0.2981022372841834,Normal
1.1971072629094124,0.5696395635604856,2.341830253601074,0.115453530102968,0.047647489234804996,-0.31948252022266377,Normal
1.1529933288693426,0.4709708690643308,2.011410713195801,0.1050688214600084,0.055588737130165,-0.3286455050110816,Normal
0.30106873065233214,0.5550193786621092,1.9221105575561523,0.1178969908505676,-0.005497787147760405,-0.3316998332738875,Normal
-0.14912942051887512,0.3107895851135253,1.5310516357421875,0.08491026749834411,-0.058032199740409796,-0.315206468105316,Normal
-0.4283499717712401,0.2395112514495849,1.2402973175048828,0.0684169060550629,-0.0690277740359306,-0.2901609949767587,Normal
-0.8758123219013213,0.24867749214172358,0.8167362213134765,0.0684169060550629,-0.1044579576700924,-0.2620611898601053,Normal
-0.43042859435081476,-0.3439655303955078,1.078465461730957,0.0531452759169041,-0.0806342139840124,-0.2150245644152162,Normal
-0.1713599786162375,-0.4248765707015991,1.412785530090332,0.07024950254708501,-0.0610865252092478,-0.18020524829626058,Normal
-0.1534499004483222,-0.2976408004760742,1.5483226776123047,0.0708603681996462,-0.053756142035126395,-0.14355333335697631,Normal
-0.37438563257455804,-0.501231253147125,1.294114112854004,0.077579886652529,-0.0726929642260072,-0.1166752632707355,Normal
-0.15692821890115716,-0.38768255710601796,0.29232788085937506,0.0794124836102126,-0.05314527574228102,-0.0971275735646484,Normal
-0.3085852712392806,0.2553239464759828,-0.6015138626098633,0.083077674731612,-0.028710666403640017,-0.080023346468806,Normal
-0.4111919105052947,-0.9889193177223204,-0.035851478576660156,0.0922406520694492,-0.03726277902023861,-0.0574213331565258,Normal
-0.32949167490005493,-0.8292893469333648,0.1540565490722657,0.06536258076084758,-0.017104226455558015,-0.0317649927455929,Normal
-0.6173972636461258,-0.5057308371178805,0.06788349151611328,0.042149700864683684,-0.0219911485910414,-0.014660766290034882,Normal
-0.28877559304237366,-0.7899011368863283,0.1681938171386719,0.024434609047602883,-0.0299323968356473,-0.001832595968153282,Normal
-0.06006379425525671,0.2720786933787167,-0.5704250335693358,0.002443460922222582,-0.014660766057204316,-0.0006108649540692999,Normal
0.1872850358486175,1.0493547623045743,-0.4859313964843749,0.005497786914929699,0.0006108650122768821,0.0018325960263609001,Normal
0.4738673418760298,2.4174767434597015,-0.48353290557861317,0.0372627784963696,0.004276056133676282,0.0024434610386377823,Normal
0.5575080811977385,2.7916190028190613,0.6569862365722656,0.0500909488182512,0.010384709283243782,0.007330382999498282,Normal
0.8772403448820113,3.934014678001404,1.0079631805419922,0.0671951754484323,0.011606439307797617,0.0109955739462747,Aggressive
0.8255333453416823,2.914865255355835,2.1198720932006836,0.072692962363362,0.0054977871477604,0.029321530484594203,Aggressive
0.31203697621822357,-0.5178103446960449,2.4679603576660156,-0.0360410492867233,0.0036651911213994,0.07269296329468469,Normal
0.2010535299777983,-0.044448137283325195,2.0660171508789062,-0.036651914007961896,0.011606439016759399,0.08491026749834399,Normal
-0.40676066279411316,-1.1269023418426514,1.8181047439575195,-0.0806342111900449,-0.002443461038637818,0.08674286352470488,Normal
-0.3574755489826203,-0.4067535400390625,0.8187103271484375,-0.08124507591128349,0.015271631069481399,0.06169738899916399,Normal
0.014896869659423717,1.5844872891902924,0.6069803237915039,-0.0018325948622078992,0.009773844853043601,0.0183259561890735,Normal
-0.1296785175800323,0.6390596926212311,-0.11019992828369132,-0.010995574411936198,-0.0122173042036591,-0.0012217310140841175,Normal
-0.03397386521101001,0.40610986948013306,-0.1370038986206054,0.010384709166828383,-0.0006108651868997007,-0.004886922950390718,Normal
-0.12675030529499062,-0.056434690952301005,-0.190866470336914,0.004886922019067983,-0.012217305134981697,0.005497787089552583,Normal
-0.0454690158367157,0.036929905414581195,-0.1477394104003906,0.0024434610386377823,0.0085521130822599,0.009162979025859181,Normal
0.0673668533563613,0.002695441246032597,-0.013444900047034001,0.0006108660018070645,0.0134390350431204,0.009162979025859181,Normal
0.22251287102699271,0.4160866737365721,0.06555652711540458,0.0048869230668058825,0.01588249608175822,0.006108652974944482,Normal
0.06576713174581533,0.9159700870513914,0.020443917252123297,0.009162978909443982,-0.0018325957353225817,-5.820761797906138e-11,Normal
-0.19444219022989268,1.1721825897693634,0.1446304330602287,0.02260201395256428,-0.022602013952564184,-0.009773843979928417,Normal
0.14650889486074453,1.4413005411624908,0.5929346089251338,0.0256563399452714,-0.020769417926203283,-0.0207694189157334,Normal
-0.17412966489791865,1.0132378339767456,0.4472131729125976,0.032986722188070194,-0.0109955733641981,-0.0250454747583715,Normal
0.35097073018550873,1.2488985061645508,0.9849119186401367,0.041538836667313894,0.0061086532659827995,-0.0384845095686612,Normal
0.22197866439819341,0.07269573211669922,1.1027746200561523,0.004276057938113701,0.0207694186829028,-0.0458148922771213,Normal
0.2878158986568451,0.08709001541137695,1.1199865341186523,0.0213802848011254,0.0226020147092637,-0.0482583530247209,Normal
0.41105517745018005,0.41575956344604487,1.0095186233520508,-0.0061086509376763985,-0.006108651403337901,-0.0543670058250424,Normal
-0.1376092433929443,-0.49638950824737554,0.35246276855468744,-0.0195476872613653,-0.014660765416920202,-0.0482583539560434,Normal
0.24705249071121213,0.7673500776290894,-0.5016822814941406,0.0226020129630341,-0.020158552564680503,-0.0470366235822436,Normal
0.09320434927940366,0.3399809598922729,-0.1842327117919922,-0.005497788428328898,-0.0439822971820829,-0.039706240873783494,Normal
0.7180841267108917,0.3858691453933716,0.5815172195434571,0.014049898949451703,-0.0238237446174025,-0.0360410497523841,Normal
0.9256947934627532,0.49957284331321716,0.5808029174804688,0.015271629905328103,-0.0293215308338403,-0.0250454758061094,Normal
0.714907243847847,0.1925753653049469,1.0779104232788086,-0.0018325966084375988,-0.0360410488210617,-0.014660766522865616,Normal
0.3130265399813652,0.2778339982032776,0.2252731323242188,0.006108651927206582,-0.0158824962563811,-0.006719518511090418,Normal
-0.12675030529499062,-0.056434690952301005,-0.190866470336914,0.004886922019067983,-0.012217305134981697,0.005497787089552583,Normal
-0.0454690158367157,0.036929905414581195,-0.1477394104003906,0.0024434610386377823,0.0085521130822599,0.009162979025859181,Normal
0.0673668533563613,0.002695441246032597,-0.013444900047034001,0.0006108660018070645,0.0134390350431204,0.009162979025859181,Normal
0.22251287102699271,0.4160866737365721,0.06555652711540458,0.0048869230668058825,0.01588249608175822,0.006108652974944482,Normal
0.06576713174581533,0.9159700870513914,0.020443917252123297,0.009162978909443982,-0.0018325957353225817,-5.820761797906138e-11,Normal
-0.19444219022989268,1.1721825897693634,0.1446304330602287,0.02260201395256428,-0.022602013952564184,-0.009773843979928417,Normal
0.14650889486074453,1.4413005411624908,0.5929346089251338,0.0256563399452714,-0.020769417926203283,-0.0207694189157334,Normal
-0.17412966489791865,1.0132378339767456,0.4472131729125976,0.032986722188070194,-0.0109955733641981,-0.0250454747583715,Normal
0.35097073018550873,1.2488985061645508,0.9849119186401367,0.041538836667313894,0.0061086532659827995,-0.0384845095686612,Normal
0.22197866439819341,0.07269573211669922,1.1027746200561523,0.004276057938113701,0.0207694186829028,-0.0458148922771213,Normal
0.2878158986568451,0.08709001541137695,1.1199865341186523,0.0213802848011254,0.0226020147092637,-0.0482583530247209,Normal
0.41105517745018005,0.41575956344604487,1.0095186233520508,-0.0061086509376763985,-0.006108651403337901,-0.0543670058250424,Normal
-0.1376092433929443,-0.49638950824737554,0.35246276855468744,-0.0195476872613653,-0.014660765416920202,-0.0482583539560434,Normal
0.24705249071121213,0.7673500776290894,-0.5016822814941406,0.0226020129630341,-0.020158552564680503,-0.0470366235822436,Normal
0.09320434927940366,0.3399809598922729,-0.1842327117919922,-0.005497788428328898,-0.0439822971820829,-0.039706240873783494,Normal
0.7180841267108917,0.3858691453933716,0.5815172195434571,0.014049898949451703,-0.0238237446174025,-0.0360410497523841,Normal
1.066982388496399,0.4181641042232514,0.7838811874389648,0.016493360977619803,-0.0232128784991801,-0.025656340818386282,Normal
1.0488950312137604,-0.10528621077537528,1.970454216003418,-0.004886921495199198,-0.0274889352731406,-0.010995574470143682,Normal
0.8482634723186491,0.5167578756809236,0.7514934539794922,0.0048869220772757,0.0006108651868998996,-0.005497786507476081,Normal
0.28170098364353163,1.5794484913349152,-0.4474754333496093,0.031154128839261698,-0.0036651918198912004,0.005497788020875218,Normal
0.42059971392154677,3.1143311858177185,0.0611572265625,0.0537561430828645,-0.0226020144764332,0.006719519034959201,Normal
0.4145838469266889,3.5279961824417114,0.47896194458007824,0.0684169089654459,-0.025045475689694098,0.0036651919945142174,Aggressive
0.4390725344419477,3.7245856523513794,1.1467266082763672,0.0610865270718931,-0.021380283636972197,0.004886922019068017,Aggressive
0.04759630560874917,0.6496273279190066,0.9853029251098633,-0.07269296515733009,-0.0403171055950223,-0.004276056948583582,Normal
-0.7444308102130891,0.6911388635635378,0.42977142333984364,-0.0006108684465290087,-0.0256563401781021,-0.007330382999498282,Normal
-1.3441360294818878,0.10677278041839622,-0.8164291381835939,-0.0830776793882251,-0.06536258198320849,0.0085521134315059,Normal
-1.232648104429245,0.20409286022186302,-0.12826347351074208,-0.0311541333794595,-0.0421497030183671,0.0103847094578668,Normal
-0.8427187800407407,1.5314054489135742,0.5328674316406251,0.09162978269159772,-0.03604105114936809,0.010384709457866799,Normal
-0.3944285502657293,-2.3038249015808105,0.24257087707519553,-0.0849102716892959,-0.0507018165662883,0.0073303827084600995,Normal
0.7862795302644373,-2.0868252515792847,1.8774023056030276,0.0280997995287178,0.0421497030183673,-0.0226020137779413,Normal
0.1450649211183192,-1.4229365587234497,0.33328628540039074,-0.004276059567928496,0.011606441112235199,-0.035430184099822896,Normal
-0.2711154809221625,-0.667066216468811,0.7413158416748047,0.0073303803801535,0.005497789243236198,-0.0390953756868836,Normal
-0.3252751678228378,0.9889181852340698,0.1802215576171875,0.020769417285918995,0.021991150686517393,-0.0482583539560434,Normal
-1.1264433711767197,0.3536190390586853,-1.2909183502197266,-0.037873644381761606,-0.0482583527918903,-0.049480085261165804,Normal
-0.5802918523550034,-1.8708503246307373,0.22831344604492188,-0.04031710512936121,-0.014660762622952295,-0.051923546008765406,Normal
-0.04164448380470279,-2.246247410774231,-0.09653377532958982,-0.07086036662803963,0.012828172184527004,-0.0372627796605228,Normal
-0.0022833794355392005,-1.5481566190719604,0.7984800338745117,-0.0030543262255378193,0.014660767279565404,-0.020769418682903,Normal
0.2324304431676864,-0.8032229836098849,1.1026792526245117,0.01832595717860368,0.0470366245135664,-0.0036651913542300987,Normal
0.2162529379129409,-0.03814563096966582,0.11713314056396483,0.008552112907636782,0.014660765416920098,0.0152716308366505,Normal
0.34355266392230976,0.779234320507385,0.10446071624755862,0.0274889344582332,0.0128281703218816,0.011606439074966918,Normal
0.18203845620155326,1.3953888720134273,-0.02963352249935258,0.0171042253496124,0.009773844387382099,0.011606439074966918,Normal
0.1923852860927581,1.8599267603131011,-0.036566734779625965,0.038484509685076704,-0.006108652334660299,0.007330382068175817,Normal
0.036762222647667014,2.487757921218872,0.0924348826520145,0.030543261673301497,-0.008552114362828399,0.0024434599326924357,Normal
0.031132787466049305,1.6313508749008179,0.802049636375159,0.018325957003981,-0.009773845202289399,-0.004886923066805882,Normal
0.4001278728246689,0.6057572364807129,1.050891876220703,0.0293215322308242,0.003054324653931,-0.025045476097147683,Normal
0.4369636327028274,-0.6083852052688599,1.281909942626953,-0.014049901161342799,0.0079412468476221,-0.040317107166629076,Normal
0.4796003107912838,-0.5534995794296265,1.3496370315551756,0.0268780710175633,0.0018325948622078996,-0.0592539287172255,Normal
0.5402359073050319,-0.7199031114578247,0.5267820358276366,0.004886923357844405,-0.0195476876106111,-0.0635299850255248,Normal
0.14537510322406888,0.06028354167938238,0.16272354125976551,0.0012217313051225039,-0.048869219375774,-0.058643062599002996,Normal
-0.20923991454765192,1.032620906829834,0.5125112533569336,-0.014049898833036294,-0.06841690698638529,-0.053756140172481204,Normal
-0.35199034214019775,0.5162172317504883,0.17756938934326177,-0.027488933876156692,-0.0818559415638444,-0.048869218677282,Normal
-0.7117549479007719,0.6713051795959474,0.5085878372192383,-0.024434608407318495,-0.0769690200686452,-0.056199600920080806,Normal
-0.965984672307968,-0.5015442371368408,0.2883796691894532,-0.0397062394767998,-0.0488692182116209,-0.06047565769404141,Normal
-0.3779607564210891,-1.5471376180648804,-0.28767871856689453,-0.026878070086240602,-0.021991147659718997,-0.0537561401724812,Normal
-0.2112250179052353,-1.6932380199432373,-0.15615940093994143,-0.04825835424708182,0.0024434607475994994,-0.0360410483554004,Normal
-0.07894895970821382,-1.7217531204223633,-0.12670707702636724,-0.03237585799070061,0.012217303737997898,-0.014660765882581401,Normal
0.5081967264413834,-0.8638849551789461,0.40010833740234364,-0.01221730496035892,0.015882495325058598,0.0042760565411299,Normal
0.2162529379129409,-0.03814563096966582,0.11713314056396483,0.008552112907636782,0.014660765416920098,0.0152716308366505,Normal
0.34355266392230976,0.779234320507385,0.10446071624755862,0.0274889344582332,0.0128281703218816,0.011606439074966918,Normal
0.18203845620155326,1.3953888720134273,-0.02963352249935258,0.0171042253496124,0.009773844387382099,0.011606439074966918,Normal
0.1923852860927581,1.8599267603131011,-0.036566734779625965,0.038484509685076704,-0.006108652334660299,0.007330382068175817,Normal
0.036762222647667014,2.487757921218872,0.0924348826520145,0.030543261673301497,-0.008552114362828399,0.0024434599326924357,Normal
0.031132787466049305,1.6313508749008179,0.802049636375159,0.018325957003981,-0.009773845202289399,-0.004886923066805882,Normal
0.4001278728246689,0.6057572364807129,1.050891876220703,0.0293215322308242,0.003054324653931,-0.025045476097147683,Normal
0.4369636327028274,-0.6083852052688599,1.281909942626953,-0.014049901161342799,0.0079412468476221,-0.040317107166629076,Normal
0.4796003107912838,-0.5534995794296265,1.3496370315551756,0.0268780710175633,0.0018325948622078996,-0.0592539287172255,Normal
0.5402359073050319,-0.7199031114578247,0.5267820358276366,0.004886923357844405,-0.0195476876106111,-0.0635299850255248,Normal
0.14537510322406888,0.06028354167938238,0.16272354125976551,0.0012217313051225039,-0.048869219375774,-0.058643062599002996,Normal
-0.20923991454765192,1.032620906829834,0.5125112533569336,-0.014049898833036294,-0.06841690698638529,-0.053756140172481204,Normal
-0.35199034214019775,0.5162172317504883,0.17756938934326177,-0.027488933876156692,-0.0818559415638444,-0.048869218677282,Normal
-0.7117549479007719,0.6713051795959474,0.5085878372192383,-0.024434608407318495,-0.0769690200686452,-0.056199600920080806,Normal
-0.965984672307968,-0.5015442371368408,0.2883796691894532,-0.0397062394767998,-0.0488692182116209,-0.06047565769404141,Normal
-0.3779607564210891,-1.5471376180648804,-0.28767871856689453,-0.026878070086240602,-0.021991147659718997,-0.0537561401724812,Normal
-0.295712187886238,-1.7158000767230988,-0.33220481872558594,-0.0507018151693044,-0.006719517055899,-0.04092797014163782,Normal
0.08644416928291318,-1.6396982371807098,-0.13845443725585932,-0.0397062408737836,0.0079412480117751,-0.01832595682935782,Normal
0.5720627158880233,-0.563898503780365,-0.3711986541748047,-0.024434609804302298,0.0177150923991574,-0.0030543254106305175,Normal
-0.028735890984535162,1.9878458380699158,-0.9899358749389648,0.0134390345774591,0.0097738445037975,7.56699582767778e-10,Normal
0.3849372863769531,4.585755914449692,-0.0888671875,0.07452556025236841,0.0012217304902151001,-0.0140499005792662,Aggressive
0.34960071742534626,4.201171427965164,-0.19678783416748052,0.0482583548873662,0.0024434614460914993,-0.029932397301308603,Aggressive
0.3610236346721649,4.038756847381592,0.33583545684814453,0.0726929642260073,0.020158552331849898,-0.0476474894676355,Aggressive
0.6349571198225019,4.295420408248901,0.9398193359375,0.1093448791652917,0.003054324770346298,-0.0726929642260072,Aggressive
-0.25351072847843187,2.494624376296997,1.0354728698730469,0.0500909494003281,0.014660764718428195,-0.0867428649216888,Normal
-0.48750412464141846,1.1909382343292232,1.9589042663574217,-0.023823746130801696,-0.005497789010405502,-0.0842994032427666,Normal
-1.022058755159378,2.3176424503326416,2.423192024230957,0.025656336336396697,-0.0549778733402489,-0.0751364249736068,Normal
-0.883589044213295,0.3099985122680663,2.433023452758789,-0.0610865267226471,-0.0500909509137271,-0.055588737130164795,Normal
-0.03490476310253132,-0.6612858772277832,2.186223030090332,-0.0561996046453714,-0.040317106992006205,-0.0397062404081222,Normal
0.914034515619278,-1.7918539047241213,1.5097246170043945,-0.040927970781922306,0.001221729442477202,-0.044593162834644005,Normal
1.1603793799877167,-3.2178404331207275,1.0615921020507812,-0.0806342083960771,0.029321530833840197,-0.0482583539560434,Normal
0.8337009102106094,-2.3872909545898438,2.143430709838867,-0.029932394623756506,0.0421497009228913,-0.040927971072960416,Normal
0.45723520219326025,-1.8777942657470703,1.7111740112304685,-0.0775798838585615,-0.0580321999732406,-0.015882496081758218,Normal
-0.5383269935846327,0.9570306539535521,1.2660608291625974,0.007330383174121399,-0.08613200043328101,-0.0030543254106305167,Normal
-0.32961313426494576,1.1488454043865204,1.2682714462280271,-0.025045474991202403,-0.09773843974107863,0.011606439657043582,Normal
-0.3205010294914243,0.36093848943710316,-0.1203727722167969,-0.0439822971820831,-0.09773843974107861,0.011606439657043582,Normal
-0.3311799764633176,0.30715197324752797,-0.07713317871093751,0.0244346093386411,-0.0067195177543907005,0.0018325959681532822,Normal
0.1693441569805147,0.230356514453888,0.4345159530639648,0.0427605668082831,0.0006108649540693002,0.007941247953567482,Normal
0.062796249985695,0.8926529586315155,0.4912586212158202,0.043982296716421704,-0.003665191994514182,0.010995574702974182,Normal
-0.20245565474033353,1.6835181713104248,0.5220050811767577,0.0458148927427826,-0.0030543270404448817,0.0116064397152511,Normal
-0.31332314014434814,2.022735118865967,0.41181278228759777,0.0226020134286953,-0.0219911485910413,0.0036651915870606006,Normal
-0.4408359825611115,1.1261743307113647,0.2343130111694336,-0.0195476886583493,-0.006719517987221299,0.0054977876134216,Normal
-0.3945693075656891,1.1594022512435913,-0.18725490570068348,-0.028710666461847802,-0.0018325960263608984,-0.0018325950950384006,Normal
0.137149065732956,0.3534642455633729,0.3067188262939454,-0.0232128793140874,-0.0048869219608604,9.313224993718477e-10,Normal
0.1412068605422974,-0.22406065487302845,-0.12035751342773438,-0.026878070319071398,0.0061086514033378,0.006108653091359717,Normal
-0.0419724285602569,1.0110421178396791,-0.2877635955810547,0.0140499013941734,-0.013439035159535501,-0.0006108648958616824,Normal
0.013838395476341303,-0.6007425787393004,0.15880489349365223,-2.3283069916502086e-10,-0.006108651985414201,0.007330382999498218,Normal
0.04906769096851349,-0.7066638469696044,-0.025851249694824385,-0.020158553728833697,0.0232128793140873,0.007941247953567517,Normal
0.14226379990577698,-1.3477087616920471,1.3036460876464842,-0.0116064408794045,0.031154127500485518,0.012217304902150998,Normal
0.4902162551879883,-0.8080040216445923,1.2491674423217771,-0.0036651920527218974,0.040927971072960416,0.012828169914427916,Normal
0.3686032593250275,0.9400429725646974,0.6068964004516602,0.017104226455558116,0.01771509210811922,-0.0006108655943535823,Normal
0.2966184914112091,0.035304903984069824,0.7351818084716796,0.009773843281436718,0.0018325963173992169,-0.005497787555213981,Normal
0.36899510025978094,0.5626205801963806,0.2788991928100585,0.017715092108119217,-0.0054977866820991005,-0.01710422750329578,Normal
0.0019321143627166887,-0.3382755517959594,0.6259269714355469,-0.006108652800321598,-0.0109955742955207,-0.023212879663333,Normal
-0.022631242871284513,-0.7031933069229126,1.440103530883789,-0.0012217306648382156,-0.0073303831741213,-0.0219911492895332,Normal
-0.3328051567077636,0.21626186370849618,0.29767322540283203,0.030543262779246783,0.0048869224265218995,-0.0250454754568633,Normal
0.03733125329017639,0.43897879123687755,0.2249402999877929,0.014660766057204384,4.656614000647652e-10,-0.028710667043924002,Normal
-0.13339021801948542,0.5384236574172973,-0.23435211181640625,0.013439035043120402,-0.0073303822427986005,-0.024434609920717502,Normal
0.017256543040275713,0.0715547502040863,-0.48800086975097656,0.009773843921721,0.004276057414244982,-0.0158824967220424,Normal
0.09771946072578451,0.1778317093849181,0.1860799789428711,-0.0018325960263609,-0.01893682271474952,-0.010995574586559018,Normal
-0.3311799764633176,0.30715197324752797,-0.07713317871093751,0.0244346093386411,-0.0067195177543907005,0.0018325959681532822,Normal
0.1693441569805147,0.230356514453888,0.4345159530639648,0.0427605668082831,0.0006108649540693002,0.007941247953567482,Normal
0.062796249985695,0.8926529586315155,0.4912586212158202,0.043982296716421704,-0.003665191994514182,0.010995574702974182,Normal
-0.20245565474033353,1.6835181713104248,0.5220050811767577,0.0458148927427826,-0.0030543270404448817,0.0116064397152511,Normal
-0.31332314014434814,2.022735118865967,0.41181278228759777,0.0226020134286953,-0.0219911485910413,0.0036651915870606006,Normal
-0.4408359825611115,1.1261743307113647,0.2343130111694336,-0.0195476886583493,-0.006719517987221299,0.0054977876134216,Normal
-0.3945693075656891,1.1594022512435913,-0.18725490570068348,-0.028710666461847802,-0.0018325960263608984,-0.0018325950950384006,Normal
0.137149065732956,0.3534642455633729,0.3067188262939454,-0.0232128793140874,-0.0048869219608604,9.313224993718477e-10,Normal
0.1412068605422974,-0.22406065487302845,-0.12035751342773438,-0.026878070319071398,0.0061086514033378,0.006108653091359717,Normal
-0.0419724285602569,1.0110421178396791,-0.2877635955810547,0.0140499013941734,-0.013439035159535501,-0.0006108648958616824,Normal
0.013838395476341303,-0.6007425787393004,0.15880489349365223,-2.3283069916502086e-10,-0.006108651985414201,0.007330382999498218,Normal
0.04906769096851349,-0.7066638469696044,-0.025851249694824385,-0.020158553728833697,0.0232128793140873,0.007941247953567517,Normal
0.14226379990577698,-1.3477087616920471,1.3036460876464842,-0.0116064408794045,0.031154127500485518,0.012217304902150998,Normal
0.4902162551879883,-0.8080040216445923,1.2491674423217771,-0.0036651920527218974,0.040927971072960416,0.012828169914427916,Normal
0.3686032593250275,0.9400429725646974,0.6068964004516602,0.017104226455558116,0.01771509210811922,-0.0006108655943535823,Normal
0.2966184914112091,0.035304903984069824,0.7351818084716796,0.009773843281436718,0.0018325963173992169,-0.005497787555213981,Normal
0.36899510025978094,0.5626205801963806,0.2788991928100585,0.017715092108119217,-0.0054977866820991005,-0.01710422750329578,Normal
0.0019321143627166887,-0.3382755517959594,0.6259269714355469,-0.006108652800321598,-0.0109955742955207,-0.023212879663333,Normal
-0.022631242871284513,-0.7031933069229126,1.440103530883789,-0.0012217306648382156,-0.0073303831741213,-0.0219911492895332,Normal
-0.3328051567077636,0.21626186370849618,0.29767322540283203,0.030543262779246783,0.0048869224265218995,-0.0250454754568633,Normal
0.03733125329017639,0.43897879123687755,0.2249402999877929,0.014660766057204384,4.656614000647652e-10,-0.028710667043924002,Normal
-0.0004903376102448273,0.5954334735870361,-0.046253204345703264,0.0177150920499115,-0.009162977337837101,-0.0219911498716099,Normal
0.5140117555856704,0.2167227268218993,0.06964969635009755,0.020158552797511102,0.010995575226843298,-0.02138028468471,Normal
0.7931124716997145,0.5249805450439451,1.1942720413208008,0.0109955738298594,-0.016493361908942402,-0.014660767512395898,Normal
0.3525673523545264,1.4049233198165891,0.7141361236572266,0.0244346098043022,-0.0018325960263610003,-0.0036651929258368823,Normal
0.19298352301120753,3.5676695108413696,0.29152965545654297,0.0476474894676355,-0.011606439948081899,-0.006719518976751582,Normal
-0.4335572570562362,4.673263072967529,-0.42708778381347645,0.017715092981234106,-0.020158552855718718,0.006108650879468817,Normal
-0.35479503870010354,4.725360870361328,0.4069328308105471,0.021991149988025302,-0.0024434605729766173,0.009773842815775417,Aggressive
-0.5557531937956809,4.929732322692871,0.7622480392456056,0.0274889371357857,-0.012828169681597418,0.008552112791221582,Aggressive
0.070990800857544,3.083930492401123,2.0750598907470703,-0.0201585520990193,0.012217304378282182,0.012217304843943382,Aggressive
0.13482868671417242,2.731903076171875,2.6872425079345703,-0.0470366221852601,0.0061086514033377,0.004276056948583482,Aggressive
-0.2559741586446761,1.190377950668335,0.9847612380981445,-0.13439035415649409,0.0018325950950384001,0.014049901335965783,Normal
-0.11453396081924419,0.1843888759613037,2.0004444122314453,-0.1130100712180137,0.0232128789648412,0.031764993444084996,Normal
-0.8720219731330869,-0.6797833442687988,2.4221343994140625,-0.07391469553112992,-0.003665192052722,0.0403171069920062,Normal
-1.1844404339790344,-5.2995922565460205,-3.3978805541992188,-0.1930334195494652,0.023212879430502497,0.026267207227647197,Normal
-1.0319093763828278,-3.5485823154449463,-1.5295190811157227,-0.005497790873050801,0.031764992512762394,0.0384845109656452,Normal
-1.056459829211235,-3.6524529457092285,-2.5261993408203125,-0.07024950720369819,0.009773843921720999,0.0244346098043024,Normal
-1.128753885626793,-3.282510757446289,-3.461282730102539,-0.10751228779554359,0.0433714324608444,0.0158824962563812,Normal
-0.03464554250240315,0.7255361080169678,2.6456336975097656,0.047036619856953704,0.0293215308338403,0.0390953752212224,Normal
0.028522968292236467,0.10795569419860832,0.9211130142211914,-0.067806042730808,-0.006108653731644098,0.0097738441545515,Normal
0.050121739506721635,-0.7653814554214478,0.5335140228271484,-0.04153883643448329,-0.005497789010405499,0.0030543261673301,Normal
0.3721054347697646,-2.462010383605957,0.9308605194091797,-0.028710666112601497,0.0171042252331973,0.011606439715251299,Normal
-0.12158343172632152,-2.6638311743736267,0.2973575592041016,-0.016493361094035,0.007330381311476398,0.0030543265165762007,Normal
-0.11141943908296532,-2.5514890253543854,0.5239086151123047,-0.011606439133174601,0.024434608872979997,0.006108652509283318,Normal
0.01457362645305689,-1.7360438704490662,0.34414196014404297,-0.0103847091086208,0.034819317981600796,0.010995574586559018,Normal
0.085014447569847,0.37953090667724615,-0.10701942443847651,0.0116064404137432,-0.0048869220772757,0.0012217300245538354,Normal
0.1663087904453276,0.5834084153175354,0.31822299957275385,0.0177150923991574,-0.0012217300245538,0.007941247196867935,Normal
0.012223348021507208,1.0841958820819855,0.01148605346679682,0.029321531881578003,-1.1641519996261063e-10,0.007941247196867935,Normal
-0.051944158971309815,1.317194402217865,0.1733236312866211,0.0268780718324704,-0.0073303828248752,0.010384709225036036,Normal
-0.1443502753973007,1.0697530508041382,-0.31708526611328125,0.015271631418727198,-0.005497787788044483,0.006108652160037218,Normal
-0.1498334109783172,0.8981354236602782,0.14110851287841797,0.004886922310106499,-0.004886922775767565,-0.007941248535644181,Normal
0.2408479899168015,0.5183603763580321,1.4111576080322266,0.004886922310106499,0.006108651519753035,-0.019547687843441797,Normal
0.12463350594043737,-0.3845052719116212,1.3467254638671875,-0.004886921960860401,0.003665190306492136,-0.031154127791523597,Normal
0.2883043885231018,-0.45129609107971197,1.3340206146240234,-0.0006108647212385993,0.009773843281436618,-0.0458148922771212,Normal
0.0533908754587174,-0.47571659088134766,-0.1147603988647461,0.0342084551230072,0.0079412482446059,-0.05314527451992,Normal
-0.4268599301576613,-0.9628431797027588,-1.2273120880126953,0.015271632000804,-0.0085521131986751,-0.05864306166768041,Normal
-0.2193135320558212,0.04214048385620117,-0.5641860961914062,0.027488936320878503,-0.026267204550094802,-0.05864306166768039,Normal
-0.2826435118331574,-0.5844155550003052,-0.4984006881713867,-0.0006108660018071012,-0.0568104662233961,-0.054367005825042405,Normal
-0.2978749721660279,-2.0906466245651245,0.4606142044067383,-0.034819320659153,-0.09651670884340971,-0.052534410730004005,Normal
0.09970669454196451,-2.037845253944397,0.8448925018310546,-0.0042760575888678015,-0.0452040284872053,-0.0397062413394448,Normal
-0.029694691300392317,-2.0433160066604614,-0.560781478881836,0.0006108642555773978,-0.0397062413394449,-0.0372627805918452,Normal
0.04424172639846788,-1.086827039718628,0.10167407989501942,0.0140499002300204,-0.020769419614225397,-0.0274889366701242,Normal
-0.13966190814971932,0.8951699733734131,0.10449504852294911,0.0189368221908808,0.014049901161343002,-0.0171042280271646,Normal
-0.41470594704151154,0.6068854331970215,-0.21455669403076166,-0.026267206296324598,-0.033597588073462,-0.018325957935303103,Normal
0.07066547870635986,0.272464394569397,0.8955183029174805,-0.017715091817080895,-0.015271630894858217,-0.0201585539616641,Normal
0.3831380754709244,-0.5573949813842775,0.3483924865722656,-0.0201585525646805,0.010384710214566483,-0.013439036207273398,Normal
0.6555153131484985,-0.5104100704193115,0.1515922546386718,-0.006108651868998999,0.021991149231325783,-0.0097738441545515,Normal
0.7815400660037993,-0.12878715991973874,1.2411298751831052,0.0152716310694814,0.04703662422252798,0.0030543257016687995,Normal
0.5098237842321394,-0.2565053701400757,1.2424707412719727,-0.0018325962591914991,0.04703662422252798,0.0146607656497506,Normal
-0.1768461018800736,0.42735087871551514,1.30413818359375,0.0323758570011705,0.024434609047602786,0.0158824967220423,Normal
0.1380924880504607,-0.26694953441619873,1.304335594177246,0.0024434605147691003,-0.000610865943599416,0.0207694186829027,Normal
0.11446760594844822,0.10805332660675049,0.11946010589599598,-0.026267204666510096,-0.07024950190680082,0.012217305775265884,Normal
-0.030364334583282394,0.39863264560699463,0.6311025619506836,-0.001221729442477195,-0.0360410483554004,0.010995574935804883,Normal
0.40632888674736023,0.1470439434051514,0.6397943496704102,-0.028099799761548493,-0.0476474873721598,0.004276056948583481,Normal
0.37439820170402527,0.5844191312789917,0.7303791046142578,-0.013439033995382398,-0.008552111685275997,0.0012217310140839822,Normal
0.3498321771621704,-0.11322969198226929,1.1228094100952148,0.015271631185896799,0.0384845113148913,-0.0012217299081386,Normal
0.47366237640380854,-0.48003238439559937,0.4479627609252929,-0.0073303830577059,-0.005497786798514298,-0.0097738429903984,Normal
0.21664102375507352,-0.8121349215507507,0.6453247070312499,-0.0238237442681564,0.0030543262837456004,-0.0079412470804527,Normal
-0.2429677098989487,-1.4499343931674957,0.5664701461791991,-0.0189368221908807,-0.004276056890375801,-0.0067195171723141,Normal
-0.2125843013636768,-1.3953170478343961,0.8746862411499022,-0.011606438085436897,0.0012217299081384997,-0.010384709225036,Normal
-0.2372295553795993,-1.279720813035965,0.796527862548828,-0.012828168109990698,0.007941247429698699,-0.0061086521018295,Normal
-0.18857876909896737,-0.9503629207611083,0.1773681640625001,0.0030543281463905002,0.009773843456059599,-0.004276057064998782,Normal
0.008111052680760601,-0.4931078553199767,-0.2591609954833983,0.0006108661182224002,0.0006108647212386001,-0.006108652974944483,Normal
0.085014447569847,0.37953090667724615,-0.10701942443847651,0.0116064404137432,-0.0048869220772757,0.0012217300245538354,Normal
0.1663087904453276,0.5834084153175354,0.31822299957275385,0.0177150923991574,-0.0012217300245538,0.007941247196867935,Normal
0.012223348021507208,1.0841958820819855,0.01148605346679682,0.029321531881578003,-1.1641519996261063e-10,0.007941247196867935,Normal
-0.051944158971309815,1.317194402217865,0.1733236312866211,0.0268780718324704,-0.0073303828248752,0.010384709225036036,Normal
-0.1443502753973007,1.0697530508041382,-0.31708526611328125,0.015271631418727198,-0.005497787788044483,0.006108652160037218,Normal
-0.1498334109783172,0.8981354236602782,0.14110851287841797,0.004886922310106499,-0.004886922775767565,-0.007941248535644181,Normal
0.2408479899168015,0.5183603763580321,1.4111576080322266,0.004886922310106499,0.006108651519753035,-0.019547687843441797,Normal
0.12463350594043737,-0.3845052719116212,1.3467254638671875,-0.004886921960860401,0.003665190306492136,-0.031154127791523597,Normal
0.2883043885231018,-0.45129609107971197,1.3340206146240234,-0.0006108647212385993,0.009773843281436618,-0.0458148922771212,Normal
0.0533908754587174,-0.47571659088134766,-0.1147603988647461,0.0342084551230072,0.0079412482446059,-0.05314527451992,Normal
-0.4268599301576613,-0.9628431797027588,-1.2273120880126953,0.015271632000804,-0.0085521131986751,-0.05864306166768041,Normal
-0.2193135320558212,0.04214048385620117,-0.5641860961914062,0.027488936320878503,-0.026267204550094802,-0.05864306166768039,Normal
-0.2826435118331574,-0.5844155550003052,-0.4984006881713867,-0.0006108660018071012,-0.0568104662233961,-0.054367005825042405,Normal
-0.2978749721660279,-2.0906466245651245,0.4606142044067383,-0.034819320659153,-0.09651670884340971,-0.052534410730004005,Normal
0.09970669454196451,-2.037845253944397,0.8448925018310546,-0.0042760575888678015,-0.0452040284872053,-0.0397062413394448,Normal
-0.029694691300392317,-2.0433160066604614,-0.560781478881836,0.0006108642555773978,-0.0397062413394449,-0.0372627805918452,Normal
0.04424172639846788,-1.086827039718628,0.10167407989501942,0.0140499002300204,-0.020769419614225397,-0.0274889366701242,Normal
-0.13966190814971932,0.8951699733734131,0.10449504852294911,0.0189368221908808,0.014049901161343002,-0.0171042280271646,Normal
-0.41470594704151154,0.6068854331970215,-0.21455669403076166,-0.026267206296324598,-0.033597588073462,-0.018325957935303103,Normal
0.07066547870635986,0.272464394569397,0.8955183029174805,-0.017715091817080895,-0.015271630894858217,-0.0201585539616641,Normal
0.3831380754709244,-0.5573949813842775,0.3483924865722656,-0.0201585525646805,0.010384710214566483,-0.013439036207273398,Normal
0.6555153131484985,-0.5104100704193115,0.1515922546386718,-0.006108651868998999,0.021991149231325783,-0.0097738441545515,Normal
0.7815400660037993,-0.12878715991973874,1.2411298751831052,0.0152716310694814,0.04703662422252798,0.0030543257016687995,Normal
0.5098237842321394,-0.2565053701400757,1.2424707412719727,-0.0018325962591914991,0.04703662422252798,0.0146607656497506,Normal
-0.1768461018800736,0.42735087871551514,1.30413818359375,0.0323758570011705,0.024434609047602786,0.0158824967220423,Normal
0.1380924880504607,-0.26694953441619873,1.304335594177246,0.0024434605147691003,-0.000610865943599416,0.0207694186829027,Normal
0.11446760594844822,0.10805332660675049,0.11946010589599598,-0.026267204666510096,-0.07024950190680082,0.012217305775265884,Normal
-0.030364334583282394,0.39863264560699463,0.6311025619506836,-0.001221729442477195,-0.0360410483554004,0.010995574935804883,Normal
0.40632888674736023,0.1470439434051514,0.6397943496704102,-0.028099799761548493,-0.0476474873721598,0.004276056948583481,Normal
0.37439820170402527,0.5844191312789917,0.7303791046142578,-0.013439033995382398,-0.008552111685275997,0.0012217310140839822,Normal
0.3498321771621704,-0.11322969198226929,1.1228094100952148,0.015271631185896799,0.0384845113148913,-0.0012217299081386,Normal
0.47366237640380854,-0.48003238439559937,0.4479627609252929,-0.0073303830577059,-0.005497786798514298,-0.0097738429903984,Normal
0.21664102375507352,-0.8121349215507507,0.6453247070312499,-0.0238237442681564,0.0030543262837456004,-0.0079412470804527,Normal
-0.2429677098989487,-1.4499343931674957,0.5664701461791991,-0.0189368221908807,-0.004276056890375801,-0.0067195171723141,Normal
-0.2125843013636768,-1.3953170478343961,0.8746862411499022,-0.011606438085436897,0.0012217299081384997,-0.010384709225036,Normal
-0.4152329857461154,-1.052406221628189,0.2517986297607421,-0.01099557307315998,0.0152716315351425,-0.0030543260509147997,Normal
-0.4609111244790255,-0.8718392252922058,0.10555839538574213,0.012828171078581117,0.021380283520556702,-0.0024434610386379176,Normal
-0.4447583551518618,-0.5296124517917632,-0.063838005065918,0.011606440006289418,0.006108652916736701,-0.0018325949204155171,Normal
-0.35356944799423207,1.3569515645503998,0.43239879608154297,0.050701813830528214,0.0079412480117752,0.0006108662928453823,Normal
-0.3635469526052474,3.4350620806217194,0.6240367889404297,0.08307767170481359,0.0103847078280523,-0.005497786507476018,Normal
-0.35173594951629633,4.538071095943451,1.3888139724731445,0.0806342107243834,0.0158824957907199,-0.016493361443281,Aggressive
0.03974410891532898,5.080390691757202,2.469632148742676,0.0739146929699927,0.0384845095686613,-0.0280998013913628,Aggressive
-0.15129143744707102,4.152960538864136,2.1526784896850586,0.044593162136152296,0.0507018142379818,-0.023212879605125383,Aggressive
-0.20913960784673682,2.2994029521942134,2.8086490631103516,0.0146607651840895,0.0415388364344833,-0.022602014883886783,Aggressive
-0.6960349008440971,0.71857213973999,2.5941715240478516,-0.0421497016213834,0.045814892742782595,-0.014049900870304383,Normal
-0.5395762547850609,0.3520734310150144,1.8683452606201172,-0.04703662311658259,0.019547686912119302,-0.010995574935804883,Normal
-0.2811046689748764,0.3257200717926023,2.2478771209716797,-0.04948008386418219,0.0128281703218817,-0.0183259579353032,Normal
-0.04344154894351969,-2.333589553833008,2.9872589111328125,-0.09896016959100949,-0.0006108651868999004,-0.016493361908942197,Normal
0.42332100123167027,1.3692669868469238,1.952754020690918,0.058643064461648506,-0.0897971908561884,-0.0226020142436024,Normal
0.25437044352293003,1.3957629203796387,2.3539352416992188,0.0757472906261681,-0.1130100693553685,-0.025045475456863298,Normal
0.5405049845576285,0.9372451305389404,1.6927661895751953,0.0806342121213673,-0.1301142964512107,-0.014660765416919998,Normal
0.7407565489411354,3.036820411682129,1.234506607055664,0.12095132004469608,-0.1166752609424291,-0.005497786216437799,Aggressive
0.9582911729812621,-0.21640419960021973,1.5775079727172852,0.0372627796605227,-0.045814892742782595,0.0091629792004822,Normal
0.7808969616889954,-0.26203012466430664,0.26517295837402344,0.0623082546517251,-0.024434609804302197,0.010384710505604501,Normal
0.39198771119117726,-0.30399632453918457,-0.41428279876708995,0.0018325960263608984,-0.0702495039440689,0.0085521144792435,Normal
0.7552940845489502,-0.40039563179016113,-0.276702880859375,0.0684169065207242,-0.0378736453130839,-0.0256563387811185,Normal
0.6303404276259245,-0.2014465333195403,0.7389001846313477,0.045814892742782796,0.027488937601447203,-0.0470366217195987,Normal
0.5576522056944669,-0.06904649746138602,0.9487066268920898,0.066584310028702,0.0610865261405706,-0.0549778705462812,Normal
0.5911594335921109,-0.0944788457127288,1.4533824920654297,0.037873646710068,0.0604756604880094,-0.0788016151636836,Normal
-0.2334283585660159,0.12789988506119698,0.6411628723144531,0.014049901161342804,0.05192354694008819,-0.0629191193729636,Normal
-0.214632272720337,-2.647814989089966,-0.4095878601074219,-0.0519235469400883,0.033597588539123494,-0.0445931626018135,Normal
0.3438645899295806,-4.119292855262756,0.1947355270385741,-0.09468411281704911,-0.03176499344408511,-0.0714712345506994,Normal
0.26580467866733665,-4.0169157984200865,0.17565917968749992,-0.020158556639217007,0.020158553496003095,-0.047647489933297,Normal
0.46772033022716636,-4.060014546150342,0.233147621154785,-0.058643065742217004,-0.004886922426521702,-0.036041050625499386,Normal
0.40238179313018924,-1.3995543422643095,0.3344268798828123,0.0146607650676741,-0.043371433741413,-0.036651915579568685,Normal
-0.1375785465352237,0.09855738258920621,0.034661293029785115,0.0030543257598764826,-0.0030543267494067003,0.004886922077275636,Normal
-0.04892292618751519,0.6814698278903961,0.3329086303710937,0.014660766057204382,-0.0012217307230458004,0.007941248011775134,Normal
0.19437026977539062,1.5774273574352264,0.748265266418457,0.026267206005286182,0.0079412480117751,0.0067195179872213,Normal
0.49925778806209553,1.7357866764068604,0.734807014465332,0.036041049927007185,0.007330382999498218,0.0048869219608604,Normal
0.38722890615463257,1.3934122323989868,1.1160430908203125,0.0427605668082831,0.004276057064998718,0.0018325959681532822,Normal
0.5142981261014938,0.10672259330749512,1.0330133438110352,0.0207694182172417,0.0024434610386378174,-0.0030543259927071176,Normal
-0.054515436291694586,-1.0681086778640747,0.7183094024658203,-0.015271632000803899,0.010384709399659117,-0.003665191004984,Normal
-0.1951806396245956,-0.43136370182037354,0.3782005310058595,-0.0018325969576834973,0.0201585539616643,-0.0048869210295378,Normal
-0.027404650580137968,-0.9870294332504272,-0.34374332427978505,-0.012217305600642998,0.0323758581653235,-0.0048869210295378,Normal
-0.3365414883010089,-0.39898335933685297,-0.10372161865234364,0.0158824948593974,0.0152716310694812,-0.0012217289768159,Normal
-0.058557196985930204,-1.1803703308105469,-0.32747364044189436,-0.0018325960263610025,-0.0091629792004824,-0.001832594978623,Normal
-0.1384589369408786,-1.6314903497695923,-0.440810203552246,-0.023212879896163902,0.014660765416920202,0.0024434609804303,Normal
-0.47106897830963135,0.5929807424545288,-0.580925941467285,0.0152716310694813,-0.014049900695681398,0.0030543259344996,Normal
-0.43198315799236287,1.7366318702697754,-0.8960733413696289,0.022602015174925296,0.007941248361021301,-0.0012217311304992175,Normal
-0.4368644505739211,2.730605363845825,-0.7200927734375,0.0696386382915079,0.004276057239621902,-0.0006108651286921177,Normal
-0.4492223262786864,3.062051773071289,-1.2787055969238281,0.0726929646916686,-0.0360410488210618,-0.0036651910631916177,Normal
-0.4539180099964141,1.9424880743026733,-0.6901311879046261,0.034819318447262,-0.0207694177515804,-0.0012217300245538,Normal
-0.9189868569374084,1.452506422996521,0.0029888148419559,0.0219911471940576,-0.022602013777941302,0.007330382883083017,Normal
-0.28535762429237366,1.7341736555099487,1.2004394526593387,0.0280997995287178,-0.0164933609776197,0.010384708933997717,Normal
-0.6961263716220856,1.253387689590454,1.539938926231116,0.008552111685276,0.007330383639782801,0.010995573946274635,Normal
-0.00847858190536499,0.6702693700790405,1.7207422256469727,0.018936821725219297,0.037873646710068,0.014660765707958217,Normal
0.8998581767082214,0.06748914718627931,1.1380615234375,0.0012217299081384997,0.0232128808274866,0.013439035799819718,Normal
0.5943612307310104,-0.1419982910156249,0.33686256408691395,-0.0042760563082993005,0.04031710699200619,0.009773843747097917,Normal
1.037493884563446,-0.8282259702682494,0.9221811294555663,-0.0207694168202579,0.0195476883091032,0.007941248710267199,Normal
0.5264214277267456,-2.1014586687088013,1.1325769424438474,-0.010995573364198197,-0.0500909495167434,-0.0073303823592139996,Normal
0.2577924579381942,-0.6165329217910767,0.4117259979248045,-0.004886920563876797,-0.0317649915814401,-0.0177150923991573,Normal
0.1293791532516479,-0.3600454330444336,-0.2386236190795899,0.006108653731644003,-0.0470366226509213,-0.0232128795469177,Normal
0.05731074512004849,0.46215951442718495,-0.24118137359619146,0.038484510965645,-0.0299323960207403,-0.0293215326964852,Normal
1.001653715968132,1.4983570575714111,-0.8967924118041992,-0.04398229625076079,0.0378736448474227,-0.0207694193813947,Normal
0.8690676540136337,0.0022860765457152765,-0.7904071807861328,-0.041538835503161196,0.045204027555882806,-0.0146607663482426,Normal
0.5343813598155975,-0.11743283271789559,-0.4464426045306027,-0.032375858165324,0.0329867228865622,-0.0103847091086208,Normal
0.45781627297401434,-0.23334920406341556,-0.7588796620257198,-0.04886921960860499,0.01832595717860378,-0.0097738439217209,Normal
-0.44420792162418343,-0.010382771492004506,-0.27770328568294655,0.0213802829384802,-0.009162978094536818,-0.0061086529167369,Normal
-0.1683386564254759,0.6292067766189574,0.7689075465314089,0.0287106661126016,-0.05253441148670382,-0.009162978909444017,Normal
0.2315751165151597,0.48663365840911876,0.9317188262939453,0.0018325964920222018,-0.05497787223430342,-0.006719517987221435,Normal
0.6108244806528091,0.4669501781463623,1.25535774230957,0.0158824967220424,-0.033597588073462206,0.0036651920527218645,Normal
0.5705350488424299,-0.2138550877571106,1.633376121520996,-0.0342084541916847,-0.0232128789648414,0.013439036323688765,Normal
0.3069390808232127,-0.7774575354997068,0.9506998062133788,-0.0445931641152128,0.0061086537316441016,0.01588249736232658,Normal
0.0944099877960979,-0.7775455715600401,0.6451406478881835,-0.0433714342070742,0.0238237455487251,0.017104227386880416,Normal
-0.2405324871651828,-0.9725677075330167,0.7371950149536133,-0.0421497033676132,0.0042760564247146,0.015271631360519417,Normal
-0.1375785465352237,0.09855738258920621,0.034661293029785115,0.0030543257598764826,-0.0030543267494067003,0.004886922077275636,Normal
-0.04892292618751519,0.6814698278903961,0.3329086303710937,0.014660766057204382,-0.0012217307230458004,0.007941248011775134,Normal
0.19437026977539062,1.5774273574352264,0.748265266418457,0.026267206005286182,0.0079412480117751,0.0067195179872213,Normal
0.49925778806209553,1.7357866764068604,0.734807014465332,0.036041049927007185,0.007330382999498218,0.0048869219608604,Normal
0.38722890615463257,1.3934122323989868,1.1160430908203125,0.0427605668082831,0.004276057064998718,0.0018325959681532822,Normal
0.5142981261014938,0.10672259330749512,1.0330133438110352,0.0207694182172417,0.0024434610386378174,-0.0030543259927071176,Normal
-0.054515436291694586,-1.0681086778640747,0.7183094024658203,-0.015271632000803899,0.010384709399659117,-0.003665191004984,Normal
-0.1951806396245956,-0.43136370182037354,0.3782005310058595,-0.0018325969576834973,0.0201585539616643,-0.0048869210295378,Normal
-0.027404650580137968,-0.9870294332504272,-0.34374332427978505,-0.012217305600642998,0.0323758581653235,-0.0048869210295378,Normal
-0.3365414883010089,-0.39898335933685297,-0.10372161865234364,0.0158824948593974,0.0152716310694812,-0.0012217289768159,Normal
-0.058557196985930204,-1.1803703308105469,-0.32747364044189436,-0.0018325960263610025,-0.0091629792004824,-0.001832594978623,Normal
-0.1384589369408786,-1.6314903497695923,-0.440810203552246,-0.023212879896163902,0.014660765416920202,0.0024434609804303,Normal
-0.47106897830963135,0.5929807424545288,-0.580925941467285,0.0152716310694813,-0.014049900695681398,0.0030543259344996,Normal
-0.43198315799236287,1.7366318702697754,-0.8960733413696289,0.022602015174925296,0.007941248361021301,-0.0012217311304992175,Normal
-0.4368644505739211,2.730605363845825,-0.7200927734375,0.0696386382915079,0.004276057239621902,-0.0006108651286921177,Normal
-0.4492223262786864,3.062051773071289,-1.2787055969238281,0.0726929646916686,-0.0360410488210618,-0.0036651910631916177,Normal
-0.4539180099964141,1.9424880743026733,-0.6901311879046261,0.034819318447262,-0.0207694177515804,-0.0012217300245538,Normal
-0.9189868569374084,1.452506422996521,0.0029888148419559,0.0219911471940576,-0.022602013777941302,0.007330382883083017,Normal
-0.28535762429237366,1.7341736555099487,1.2004394526593387,0.0280997995287178,-0.0164933609776197,0.010384708933997717,Normal
-0.6961263716220856,1.253387689590454,1.539938926231116,0.008552111685276,0.007330383639782801,0.010995573946274635,Normal
-0.00847858190536499,0.6702693700790405,1.7207422256469727,0.018936821725219297,0.037873646710068,0.014660765707958217,Normal
0.8998581767082214,0.06748914718627931,1.1380615234375,0.0012217299081384997,0.0232128808274866,0.013439035799819718,Normal
0.5943612307310104,-0.1419982910156249,0.33686256408691395,-0.0042760563082993005,0.04031710699200619,0.009773843747097917,Normal
1.037493884563446,-0.8282259702682494,0.9221811294555663,-0.0207694168202579,0.0195476883091032,0.007941248710267199,Normal
0.5264214277267456,-2.1014586687088013,1.1325769424438474,-0.010995573364198197,-0.0500909495167434,-0.0073303823592139996,Normal
0.2577924579381942,-0.6165329217910767,0.4117259979248045,-0.004886920563876797,-0.0317649915814401,-0.0177150923991573,Normal
0.1293791532516479,-0.3600454330444336,-0.2386236190795899,0.006108653731644003,-0.0470366226509213,-0.0232128795469177,Normal
0.05731074512004849,0.46215951442718495,-0.24118137359619146,0.038484510965645,-0.0299323960207403,-0.0293215326964852,Normal
1.001653715968132,1.4983570575714111,-0.8967924118041992,-0.04398229625076079,0.0378736448474227,-0.0207694193813947,Normal
0.8690676540136337,0.0022860765457152765,-0.7904071807861328,-0.041538835503161196,0.045204027555882806,-0.0146607663482426,Normal
0.5343813598155975,-0.11743283271789559,-0.4464426045306027,-0.032375858165324,0.0329867228865622,-0.0103847091086208,Normal
0.45781627297401434,-0.23334920406341556,-0.7588796620257198,-0.04886921960860499,0.01832595717860378,-0.0097738439217209,Normal
-0.44420792162418343,-0.010382771492004506,-0.27770328568294655,0.0213802829384802,-0.009162978094536818,-0.0061086529167369,Normal
-0.1683386564254759,0.6292067766189574,0.7689075465314089,0.0287106661126016,-0.05253441148670382,-0.009162978909444017,Normal
0.2315751165151597,0.48663365840911876,0.9317188262939453,0.0018325964920222018,-0.05497787223430342,-0.006719517987221435,Normal
0.6108244806528091,0.4669501781463623,1.25535774230957,0.0158824967220424,-0.033597588073462206,0.0036651920527218645,Normal
0.5705350488424299,-0.2138550877571106,1.633376121520996,-0.0342084541916847,-0.0232128789648414,0.013439036323688765,Normal
