0.3563576222067494,0.5031586993129996,0.5844746590920377,0.7516666710580415,0.8976660707632127,0.271794882941368,1.7579262405633926,Normal
0.3731522435539466,0.4809766033164154,0.66804960036906,0.3916666756341176,0.7217235211016471,0.7794871801852628,2.292492523789406,Normal
0.3909635203104129,0.5857157454483798,0.4525263127705918,0.6950000020883713,0.5691202843366222,0.6397435954523949,1.7602110877633093,Normal
0.4275728738793551,0.3930022415181677,0.5735290687806232,0.5233333393095746,0.6624775591886066,0.771794872710495,0.714278981089592,Normal
0.6211458907033134,0.7775066635769325,0.6291387158981839,0.6883333393826384,0.7271095129113821,0.7410256472092956,6.605915941298008,Aggressive
0.5178888533215109,0.4656994005035886,0.4798819748775351,0.4500000104787359,0.5439856435739927,0.8269230794966256,1.1931671798229218,Normal
0.4360776525301024,0.4857258718531254,0.5455032912654111,0.5850000047924052,0.6463195695604068,0.514102563754355,1.5996231585741043,Normal
0.5183657609022431,0.3913516324483032,0.5368277238740639,0.645000004241476,0.7378815093612686,0.4423076848683425,0.8125492036342621,Normal
0.462253352239985,0.4508870848017159,0.7017631568870569,0.9300000007051816,0.5529622929633948,0.0769230652145407,2.651883901,Normal
0.560073466651243,0.4112335311507219,0.6781257703397882,0.6050000046616992,0.7719928197341293,0.2884615529644763,2.4507075995206833,Normal
0.3331559560857527,0.503827979750656,0.3370410448756369,0.5683333396904376,0.6427289061299786,0.8243589758241266,-0.4590141773223876,Normal
0.6039417716240736,0.4643567829507833,0.6419975666050637,0.7266666695936004,0.9102333986717058,0.19230769706924,2.9716187492012978,Normal
0.4416527318912694,0.3602007117634321,0.4169145610107996,0.5650000053995481,0.6229802489656167,0.7602564107653647,-0.9409112334251408,Normal
0.4009391472855879,0.4797000137957612,0.5841712379771197,0.7583333358283322,0.5134649877358042,0.1564102527397089,1.6927118003368378,Normal
0.3252819909932298,0.7001300404663773,0.4448471584484256,0.6850000055681843,0.737881507479474,0.3615384703098767,2.720771722495556,Normal
0.4843537932617096,0.5187369422508006,0.3463136343209789,0.5883333368599266,0.6247755864117507,0.7192307715514731,0.5127202868461609,Normal
0.513867422574341,0.572266636442041,0.5356095756981001,0.6433333390017749,0.6965888716143334,0.8217948743505631,2.896684229373932,Normal
0.3582275254780869,0.4972645303842851,0.4257953477586508,0.4516666788946774,0.4434470422032948,0.7153846190357204,0.3417962789535523,Normal
0.4435790516151405,0.4124520021410695,0.3915887738874382,0.6200000104000133,0.7073608636163425,0.7064102618625575,-0.5370861142873764,Normal
0.3576370069208701,0.8571555892275643,0.4526339999261255,0.586666676384588,0.6768402182135611,0.8384615382655151,4.777498662471771,Aggressive
0.4614126649823182,0.4303020456305889,0.5576423677202785,0.5333333385295681,0.6822262113918738,0.8615384644768745,1.1754785478115082,Normal
0.3913987100861547,0.5533510143655818,0.4219410404427831,0.5883333395597314,0.6175942566426654,0.7974358992959502,1.1223708325996995,Normal
0.4220372565435449,0.5113939916019641,0.4439721584623747,0.566666673656677,0.6804308806175564,0.8346153863605776,0.9654555320739746,Normal
0.5308145962155549,0.1059866265006011,0.4322987592096231,0.3666666668643215,0.6696588870758977,0.7423076916546762,-3.35914659476839,Normal
0.3951035018463527,0.4896662613216849,0.5576192679884697,0.6150000038816924,0.7558348290794963,0.8512820541847493,1.5546429604291916,Normal
0.3450229852612489,0.5050168614576855,0.379911245697117,0.4550000042920921,0.5852782789259166,0.7794871801852629,-0.0223772078752517,Normal
0.4502372785492275,0.4855775483082253,0.3924945735159008,0.5583333418997535,0.6696588881023312,0.82051282159809,0.3575259298086166,Normal
0.3696213178252611,0.2743719246524138,0.4589154530845005,0.4316666683849754,0.400359066668081,0.707692310094995,-1.927907392324414,Normal
0.5047372250984433,0.1009182004109781,0.4278040200898479,0.268333339904094,0.5906642721042283,0.6679487176475833,-3.5806927382946014,Normal
0.566231647841105,0.6681175599655672,0.4434634063980454,0.7216666781624249,0.5655296244987102,0.7051282102095522,3.4789429309312254,Normal
0.4564385328452695,0.4623656168246928,0.4189957687317343,0.4550000087388298,0.4775583529182996,0.8435897475651234,0.3419810384511947,Normal
0.4204889869712408,0.4354111467800861,0.4835630901087255,0.7700003677401883,0.6481149024996735,0.6807692307587535,0.4077811907623214,Normal
0.7393271379046467,0.9403086917525962,0.8250364936705061,0.8683333445587667,0.8689407564768923,0.2000000099191854,10.74543645977974,Aggressive
0.4736247351045612,0.5043619323209231,0.4836129721398263,0.6433333415427677,0.5691202875869945,0.6435897421043175,1.4669994455762208,Normal
0.3728282458433045,0.403158001115994,0.3466976255149594,0.5250000043904633,0.5170556609173511,0.7038461575792425,-1.3654597550048493,Normal
0.4530201136499013,0.379361530998014,0.4994906341919927,0.6700000146276766,0.8204667895404499,0.3871794821843066,0.042872176,Normal
0.388283103592699,0.5414181828541265,0.4649881159133383,0.4883333446599996,0.4829443469519736,0.7051282097209001,1.3358922456391156,Normal
0.4327445985078157,0.424203513928699,0.4782593024126498,0.5100000054810679,0.65170556735767,0.7692307703817899,0.2895835340023041,Normal
0.7569737349043972,0.399732993156803,0.7333105832593008,0.6300000069202009,0.5152603224447834,0.4038461597108156,3.7229993045330048,Normal
0.9649237028202634,0.3473310858864368,0.7442563967565299,0.7500000096298306,0.0,0.2846153887210637,4.191338822245598,Normal
0.3698644431692612,0.6771171180629222,0.5600832393814048,0.7283333429327156,0.5745062843578235,0.6679487158151364,3.6481771171092983,Normal
0.6211458907033134,0.7775066635769325,0.6291387158981839,0.6883333393826384,0.7271095129113821,0.7410256472092956,6.605915941298008,Aggressive
0.499353987304402,0.6807113445138966,0.466227131962965,0.5733333409679602,0.5673249551019548,0.7397435927465393,3.503135233651846,Normal
0.4388926929566921,0.5926109148373438,0.4988680572904281,0.5766666722414221,0.6552962275377264,0.8076923073891392,2.464533298742026,Normal
0.4631847085172971,0.5763611923961351,0.4743987458394851,0.5966666722695273,0.6229802539267114,0.7743589750392,2.1807440449483693,Normal
0.5099458610584608,0.533502565415326,0.4760324659477033,0.573333338744592,0.7360861777315904,0.8166666679828691,1.915542632341385,Normal
0.4401977571649729,0.4906604734723615,0.4313383906494963,0.566666673656677,0.6840215469562136,0.7576923084366596,0.7012503445148468,Normal
0.3861621404332911,0.4567299234852526,0.3389998351772759,0.601666674023487,0.6068222663513786,0.6948718004060797,-0.7413591443910262,Normal
0.4622909193695185,0.3378947495024582,0.5575616860483088,0.4950000030778076,0.7755834848752805,0.8435897457326766,0.098201125860214,Normal
0.387578955234689,0.3338241360996952,0.5073675311285625,0.4950000107007862,0.687612208162703,0.7961538480094346,-0.7332151080481707,Normal
0.5828588928003744,0.4695924374358149,0.5311475333001605,0.5216666707348214,0.5780969510386251,0.7871794877821934,1.9853930324316025,Normal
0.6507783249328795,0.3823116732067001,0.5129250810973556,0.4700000105068417,0.7414721755288535,0.8346153878265354,1.131449043750763,Normal
0.5062333968238623,0.559910394313639,0.5202654393529933,0.6400000066166294,0.7019748694115967,0.7371794907843237,2.584781154990196,Normal
0.3403575937450696,0.6865995966052133,0.3207566266937153,0.7166666743439093,0.6965888721275507,0.8166666689601745,1.573648139834404,Normal
0.4629459928533478,0.458281194919837,0.4240581809708873,0.5300000086854157,0.5403949748403247,0.6948717984514696,0.3683821861632168,Normal
0.4957267141445941,0.5005821994724383,0.6299304675753975,0.8483333362724335,0.6678635564726525,0.121794860551835,2.7781986668705936,Normal
0.446521642418649,0.453357285397811,0.4034440696335591,0.5283333418575942,0.7235188517048922,0.837179490033077,0.0566173945553599,Normal
0.514077241405093,0.4391796868092086,0.415292558103358,0.6466666694811762,0.8509874367586653,0.6500000067218255,0.3129177240189166,Normal
0.3812829439777608,0.4629304836838749,0.404429881322059,0.6583333375935462,0.908438065331305,0.4961538513626392,-0.1328478679060934,Normal
0.4833785623119571,0.4569471493915825,0.5365149289549336,0.6983333376497584,0.9066427265165932,0.4769230770562161,1.410881906747818,Normal
0.3956754376737088,0.5397608874012593,0.4573473495512793,0.6166666703918887,0.651705570094826,0.7653846178660371,1.2863213419914246,Normal
0.2906711358216648,0.7672972167064376,0.5528411944770885,0.698333344478677,0.6965888734961286,0.1820512799359802,4.264864861965179,Normal
0.4514152982838801,0.4660700615723121,0.6784169162349044,0.6766666717467038,0.9712746857136796,0.576923077648765,2.5784648843109608,Normal
0.5835277738164352,0.486119481689121,0.4730627554989358,0.5650000019056823,0.6140035918436582,0.742307693487124,1.6854704916477203,Normal
0.5761226296954571,0.4983455228167978,0.6220136203607062,0.7083333379814352,0.7540394993316125,0.1551282005980512,3.066226214170456,Normal
0.3968947132334477,0.5069253855206886,0.4949899805763303,0.6050000054557596,0.5296229801011596,0.7987179502159761,1.2297756667248905,Normal
0.510028361727787,0.5012321189580923,0.4376523173438924,0.5750000065252852,0.6678635578412305,0.7820512826361309,1.21051487326622,Normal
0.4858945613426251,0.572467625445744,0.6804598475886391,0.7333333407163732,0.3518851020602878,0.7653846164000798,4.004068605601788,Normal
0.3663687628085762,0.6260751303806463,0.4532050208327219,0.5883333381304229,0.6193895891277049,0.8256410279657836,2.1212247610092163,Normal
0.4231913403856109,0.253599768708227,0.7545673582041934,0.2566666730622206,0.6822262136158127,0.7833333346556254,0.6102278083562851,Normal
0.6170375308682461,0.7894937455053568,0.522962751515069,0.7100000025858874,0.7181328552762068,0.8410256421823405,5.819218203425407,Aggressive
0.4289065008383792,0.4517559603727842,0.4179267086799083,0.6466666732926647,0.7989228027329154,0.6038461574753456,0.0779937654733658,Normal
0.3781498605845246,0.8684035506324569,0.4786836902390688,0.8100000078084041,0.7127468571367994,0.2884615451460364,5.229098133742809,Aggressive
0.510028361727787,0.5012321189580923,0.4376523173438924,0.5750000065252852,0.6678635578412305,0.7820512826361309,1.21051487326622,Normal
0.5287293333449361,0.433174947937182,0.3162180315068869,0.3933333396033211,0.7378815093612686,0.797435899418113,-0.534412593115121,Normal
0.5421500393958244,0.4132857818341873,0.5200460477049769,0.5566666774990146,0.612208262235679,0.4987179434304254,1.0386305299999998,Normal
0.4359711006693001,0.4592449080925568,0.3479145461689429,0.5533333398281703,0.6965888726407676,0.7846153858199777,-0.3991895765066146,Normal
0.4019453787340326,0.5445930630101393,0.3679140038274135,0.5683333406433099,0.6678635545908586,0.8307692322567045,0.6083175092935562,Normal
1.0,0.3689445947040279,0.7880660982644736,0.6516666728232556,0.2477558422202558,0.3333333388302905,4.985116690397263,Aggressive
0.4029324972345941,0.5296658250759646,0.4172446528305596,0.5783333387516186,0.7253141864138711,0.782051281536663,0.8600031137466428,Normal
0.4444043657721077,0.4926424763997945,0.3767957949114304,0.6316666747008937,0.5960502734940082,0.756410256295002,0.278288885951042,Normal
0.4056509877829573,0.4483015287609516,0.3826833251070762,0.5400000066349112,0.6481149020454469,0.8294871813366781,-0.3740514665842056,Normal
0.4000294861083705,0.4276778747331626,0.5861921855281185,0.7200000060938058,0.526032315644298,0.5166666660830601,1.0972319766879082,Normal
0.426372105752243,0.493232070644898,0.604210422710585,0.6216666730987205,0.6696588884444751,0.4307692312303043,2.143027573823929,Normal
0.3331559560857527,0.503827979750656,0.3370410448756369,0.5683333396904376,0.6427289061299786,0.8243589758241266,-0.4590141773223876,Normal
0.3492626807279332,0.5522582672513651,0.3831059274469786,0.4483333398394249,0.6786355483035895,0.814102567486611,0.5775780379772187,Normal
0.4800479178011567,0.4030146057207612,0.4254583371786389,0.6733333463492894,0.7163375320290685,0.5794871819320799,-0.1848018318414688,Normal
0.3158368518555088,0.4195251964774789,0.4280982905863683,0.6066666757774459,0.7630161591907263,0.3538461574599312,-0.7490678429603576,Normal
0.4480380315155942,0.4205027742492496,0.8520362860739814,0.835000005949653,0.6983842028458264,0.0,3.5132406069999997,Normal
0.5374546921051416,0.601540406062205,0.4909997530448962,0.6250000078660465,0.7055655314734472,0.8282051302944888,2.969851478934288,Normal
0.4073122832050339,0.6424050276249035,0.4869479261741499,0.6516666756818729,0.6876122040569695,0.6615384628031259,2.795043297111988,Normal
0.5448498311061591,0.4430860531886479,0.3527774302353749,0.4383333391901232,0.7809694802775319,0.7961538482537605,-0.0294940774329007,Normal
0.3752554304016726,0.3960911873828768,0.4917613746371417,0.5466666661644038,0.7001795408612189,0.7358974376653612,-0.1968658557161688,Normal
0.3956754376737088,0.5397608874012593,0.4573473495512793,0.6166666703918887,0.651705570094826,0.7653846178660371,1.2863213419914246,Normal
0.5550610741071959,0.3819419441290524,0.4890107210653819,0.5016666716595878,0.8563734360955787,0.5397435936382148,0.4681387022137642,Normal
0.4757632103374614,0.5354447864111556,0.5211651013740118,0.8266666786767003,0.746858168887972,0.4128205081199799,2.161609963,Normal
0.6120957232062529,0.5059441486223936,0.5258239936579518,0.7033333397213418,0.8096947973010079,0.1897435771490454,2.5039149969816203,Normal
0.3492626807279332,0.5522582672513651,0.3831059274469786,0.4483333398394249,0.6786355483035895,0.814102567486611,0.5775780379772187,Normal
0.3897115045721391,0.597071333666871,0.4660990233053975,0.6516666715527588,0.6750448824781495,0.8423076945683241,2.003067597746849,Normal
0.5113158063490806,0.4802769283660126,0.5477559055995531,0.7500000208375643,0.612208262235679,0.3910256345005978,1.912492602,Normal
0.4311934064660759,0.351644516409133,0.4508915882717194,0.5466666737873838,0.7809694802775319,0.5871794869635852,-0.8002901077270508,Normal
0.2487367759863349,0.3950038449250429,0.6884400795746703,0.3250000037917776,0.673249551019543,0.9025641066226816,0.8703290820121767,Normal
0.5011522359435295,0.5059299502909851,0.5174981584380475,0.7150000078337119,0.5924596045892684,0.5551282010136366,1.905664772260934,Normal
0.4379090775422879,0.3704752463934684,0.6159235490383314,0.6133333392772405,0.8456014386192576,0.5153846256690626,0.8622081810608504,Normal
0.4389139800141621,0.5189244565619281,0.5350468126666431,0.7333333330933943,0.7809694830146877,0.0923076925674711,1.9120107735507184,Normal
0.4340455512714278,0.410965010697958,0.374691933830316,0.5283333421752183,0.6858168761908803,0.8051282060377389,-0.7441577981226144,Normal
0.3466958356713513,0.3567741850983456,0.6177603682923037,0.3066666759911026,0.6768402168449834,1.0,0.284441739320755,Normal
0.4695129798727048,0.4715651943193277,0.5506449345122192,0.6966670326486868,0.6606822282778246,0.7410256412650092,1.636748723887131,Normal
0.4031857784033212,0.3136307982139815,0.3534364980003109,0.4633333381135722,0.7271095156485378,0.8230769251484265,-2.210759490262717,Normal
0.4007909246805663,0.5299193776119002,0.4215289277271883,0.540000007428972,0.6696588860494646,0.8012820525446812,0.889410525560379,Normal
0.282480409384165,0.5105248917679974,0.4645290226927525,0.4600000101751647,0.4578096979778769,0.7000000050634898,0.4681380689144138,Normal
0.540170606860627,0.4615652893957788,0.5194270418405331,0.7016666732111451,0.9263913795752208,0.7294871789116834,1.5885971337556837,Normal
0.6061508120684088,0.7023542234726801,0.6530712655740456,0.7250000018129065,0.7001795347026183,0.8794871790675268,5.860270693898201,Aggressive
0.2937873589092667,0.6208380482865914,0.3849809114752437,0.6083333387937775,0.63195690882473,0.4769230707037338,1.132200963795185,Normal
0.3913987100861547,0.5533510143655818,0.4219410404427831,0.5883333395597314,0.6175942566426654,0.7974358992959502,1.1223708325996995,Normal
0.3715371586718194,0.3855885309359754,0.4246982778870954,0.5933333378198259,0.5960502710989976,0.8141025656541643,-0.9104829127900302,Normal
0.5796449346874575,0.5427499554198664,0.4349262142662249,0.8300000110127512,0.9748653496573252,0.4461538491117549,2.003441069740802,Normal
0.5133849304487579,0.845219057781612,0.3946186329132344,0.7300000076959801,0.6876122098734254,0.7884615405346664,4.881826013326645,Aggressive
0.339521402275182,0.5494172068052905,0.4324351257423299,0.4733333374923767,0.6642728911604298,0.8294871824361465,0.9196513593196868,Normal
0.3622668957912442,0.4716176852588035,0.4398491353167782,0.610000008003779,0.6983842040993737,0.7653846164000798,0.1811299324035646,Normal
0.4510455943556315,0.6988750479118584,0.4763700344922517,0.6933333444716502,0.5709156231513347,0.7641025619373227,3.5728090405464172,Normal
0.4810950889831745,0.4947350696558536,0.5140411217631501,0.531666675195612,0.5224416522138685,0.8038461552398757,1.6499276012182238,Normal
0.4104246378972417,0.3952558634660976,0.5886117429439526,0.7100000044916327,0.9497306993146508,0.5884615391052428,0.7880867868661878,Normal
0.5183657609022431,0.3913516324483032,0.5368277238740639,0.645000004241476,0.7378815093612686,0.4423076848683425,0.8125492036342621,Normal
0.3784433801832904,0.554906757828432,0.5202478076736416,0.1600000053068351,0.6894075401345258,0.8474359010581815,1.9191650301218033,Normal
0.3025554613992753,0.4124793796178151,0.3821774744583364,0.6466666771041548,0.7791741483057091,0.3589743582081215,-1.286993384361267,Normal
0.3929402978088355,0.6347959677635435,0.4900388265202329,0.761666667578229,0.5834829455855158,0.5858974357992327,2.6642051679082215,Normal
0.5929509685165383,0.561279920480967,0.5821508483906573,0.6600000028332464,0.7935368081860251,0.1820512799359799,3.54154135286808,Normal
0.5247829080549301,0.7715871021914263,0.5391999658972075,0.6933333470126435,0.6211849204152383,0.8282051304166519,5.3103847950696945,Aggressive
0.4947897326209936,0.4561454663392853,0.4910436090574606,0.5533333380812376,0.6894075437270426,0.8064102576907439,1.0671052038669586,Normal
0.4733648646435177,0.705900473087079,0.4994776893974351,0.6116666727670427,0.5996409333319205,0.6948717964968596,3.9584603901021183,Normal
0.5433791631813544,0.4488038891509817,0.5963085289454705,0.6183333400783274,0.7001795338472571,0.4846153820877215,2.1116141378879547,Normal
0.315326005615268,0.8746297988749243,0.4942107273592219,0.6016666762468557,0.6463195719554184,0.8358974366697887,5.136227168142796,Aggressive
0.9649237028202634,0.3473310858864368,0.7442563967565299,0.7500000096298306,0.0,0.2846153887210637,4.191338822245598,Normal
0.5968881887196943,0.4421152331858235,0.550246436196811,0.5683333396904379,0.8222621216169838,0.8243589753354738,1.8938827812671657,Normal
0.4050344634435666,0.5077678315565578,0.3921224111700929,0.4966666730818694,0.6481149047826028,0.815384616329864,0.3991812467575074,Normal
0.4869598415094067,0.5905238969646726,0.5470815497531956,0.6433333370960299,0.5960502716122138,0.6128205141598563,3.0804546996951103,Normal
0.5574783725823927,0.4409856523573144,0.4444348226559937,0.5150000075526513,0.8025134694137169,0.838461540220125,0.7892255038022995,Normal
0.4472846512519111,0.7168096738915447,0.6478276264534558,0.471666675746542,0.7199281869058851,0.8435897456105136,5.229981184005737,Aggressive
0.4706653271344587,0.5724356434859602,0.4015497799233556,0.5733333357271625,0.712746861242533,0.8423076932245298,1.5477938057156282,Normal
0.6460687872759147,0.4558860122549373,0.5374472876953308,0.7100000079854983,0.8922800734791662,0.2743589715878033,2.179144337773323,Normal
0.3417126396297663,0.4237170082166576,0.5312124803722025,0.6716666722161134,0.4470376979354726,0.366666671058067,0.3040713369846344,Normal
0.4656873754275661,0.4300827506148847,0.5132818436219576,0.5950000038535864,0.9515260326550514,0.5051282085358021,0.8141111368313432,Normal
0.3492923166603468,0.2561447120826661,0.433401408726543,0.2949999989852565,0.5350089741348335,0.8333333349518992,-2.4556825747713447,Normal
0.5406213800264107,0.4622518361944207,0.5258939624108219,0.5833333395527052,0.6912028743302875,0.8115384640584379,1.654034063220024,Normal
0.426372105752243,0.493232070644898,0.604210422710585,0.6216666730987205,0.6696588884444751,0.4307692312303043,2.143027573823929,Normal
0.5318140664528034,0.3666274674065584,0.5170818052737088,0.6066666732364534,0.8833034177257862,0.6346153888403747,0.4185096616856756,Normal
0.4564385328452695,0.4623656168246928,0.4189957687317343,0.4550000087388298,0.4775583529182996,0.8435897475651234,0.3419810384511947,Normal
0.4947897326209936,0.4561454663392853,0.4910436090574606,0.5533333380812376,0.6894075437270426,0.8064102576907439,1.0671052038669586,Normal
0.5936557474888825,0.4657296625022697,0.5975411841993817,0.8850000020377554,0.8976660743557299,0.229487177903549,2.558896660804748,Normal
0.4732617451796727,0.5880003352364893,0.4925745521525546,0.5983333411619048,0.7073608629320531,0.8320512847648514,2.520062893629074,Normal
0.4853167099763271,0.3863949790156125,0.4066153168184014,0.6966666749510513,0.8581687701202678,0.6000000044709409,-0.5151867121458055,Normal
0.5862038877090108,0.3413712456685667,0.6449858015309299,0.5866666700321057,0.8204667891319447,0.346153852428426,1.474519044626504,Normal
0.339521402275182,0.5494172068052905,0.4324351257423299,0.4733333374923767,0.6642728911604298,0.8294871824361465,0.9196513593196868,Normal
0.2099040629490688,0.1408340416805265,0.1094175151540378,0.3349999952299795,0.7127468598739556,0.8692307714629904,-7.235112115740776,Normal
0.6217403607966201,0.3259933718935138,0.5860513553336089,0.5800000090733047,0.919210062636554,0.3243589816571276,0.959793232847005,Normal
0.3878651473733333,0.3083512363106883,0.3867445257820347,0.3950000065899548,0.6912028734749261,0.7423076964190386,-2.060622438788414,Normal
0.3624298986158123,0.3210855648584502,0.440141620326782,0.6316666721599011,0.8276481156506575,0.334615390971948,-1.576160505414009,Normal
0.4697096264047609,0.5217381497239141,0.5224469690975805,0.7133333400530186,0.68761220867592,0.4858974303201588,1.9835056215524671,Normal
0.6980875141858142,0.4355087810522042,0.7933946596155638,0.7033333400897098,0.9389587133900252,0.0564102633547204,4.375215054,Aggressive
0.474668881063336,0.4493264055202615,0.6467695025065441,0.4266666748892425,0.718132854420846,0.9961538455296376,2.2226225435733795,Normal
0.6569870211055429,0.4888807718532222,0.4967421008681593,0.5716666714403347,0.6157989265526365,0.7641025648692377,2.269027680158615,Normal
0.436945342067538,0.5149315086226979,0.4953291115129791,0.6800000051286224,0.5870736079689658,0.7910256435820973,1.5165327427892312,Normal
0.6351762392152163,0.4725324762260097,0.7227845822792919,0.7116666714782652,0.6858168796123246,0.5217948746496904,3.9059948474168777,Normal
0.6843843353800582,0.5018322575068791,0.6790433988164233,0.8416666702316463,0.8240574530755901,0.1474359033849858,4.108577080070972,Normal
0.4874056427047114,0.4524593021220245,0.3555429257727815,0.765000008221601,0.9084380625941492,0.3500000010349587,-0.1690682652406395,Normal
0.4522548761684297,0.4535248068122011,0.4672992050232877,0.6766666706350193,0.6157989260394204,0.7782051295095626,0.6315136794000862,Normal
0.456817324992786,0.4404646954645581,0.553346933532921,0.5933333487778575,0.8779174177045848,0.3525641053182739,1.2358022630214691,Normal
0.4235006582852739,0.5395731488317699,0.3713450393549126,0.5650000085757887,0.6445242391282349,0.8166666694488265,0.6813060936983675,Normal
0.5968881887196943,0.4421152331858235,0.550246436196811,0.5683333396904379,0.8222621216169838,0.8243589753354738,1.8938827812671657,Normal
0.282480409384165,0.5105248917679974,0.4645290226927525,0.4600000101751647,0.4578096979778769,0.7000000050634898,0.4681380689144138,Normal
0.4455593186697488,0.5294506147675597,0.462501267974409,0.6466666707516722,0.6732495511906157,0.841025643770461,1.4467078298330307,Normal
0.6432323090993438,0.5812396503123616,0.3000803580525386,0.4066666767668808,0.795332137420692,0.7743589740618951,1.603218361735344,Normal
0.3968947132334477,0.5069253855206886,0.4949899805763303,0.6050000054557596,0.5296229801011596,0.7987179502159761,1.2297756667248905,Normal
0.540170606860627,0.4615652893957788,0.5194270418405331,0.7016666732111451,0.9263913795752208,0.7294871789116834,1.5885971337556837,Normal
0.4953952016008796,0.4454425852981421,0.5167777146285915,0.6666666777675089,0.8420107738202509,0.5461538497043037,1.1647282131016252,Normal
0.3811818401855729,0.3291542326868419,0.4713020426077343,0.4750000074964393,0.671454220074154,0.8038461569501596,-1.1264319568872452,Normal
0.5862038877090108,0.3413712456685667,0.6449858015309299,0.5866666700321057,0.8204667891319447,0.346153852428426,1.474519044626504,Normal
0.5574783725823927,0.4409856523573144,0.4444348226559937,0.5150000075526513,0.8025134694137169,0.838461540220125,0.7892255038022995,Normal
0.8128755512369772,0.3752248716731741,0.7919951729372023,0.9000000069820091,0.1256732462390607,0.217948724265511,4.2033895924687386,Normal
0.357895050541601,0.5691491689748364,0.4556138653294563,0.6650000025226487,0.7073608629320535,0.8192307734878155,1.4357809126377106,Normal
0.3973957190664272,0.5526023172037424,0.4782057378171512,0.611666671814171,0.5601436217403517,0.2935897414963542,1.622936226427555,Normal
0.3417126396297663,0.4237170082166576,0.5312124803722025,0.6716666722161134,0.4470376979354726,0.366666671058067,0.3040713369846344,Normal
0.5811326848878674,0.3852522955265091,0.5232780014781596,0.6483333423438554,0.8958707326327893,0.7512820516375919,0.9235322326421738,Normal
0.4259446998280604,0.4872107890905341,0.4788649171205057,0.5233333426446283,0.5780969524072032,0.8410256442591135,0.9993708729743958,Normal
0.3626090715213702,0.4793889899632397,0.3959916720445148,0.5933333386138859,0.6642728918447186,0.8217948743505631,-0.1011611819267271,Normal
0.3622668957912442,0.4716176852588035,0.4398491353167782,0.610000008003779,0.6983842040993737,0.7653846164000798,0.1811299324035646,Normal
0.6222519223605832,0.5441558540837569,0.5846953898626548,0.6650000074458229,0.7719928163126848,0.7820512849572294,3.502177022397518,Normal
0.3912159244820598,0.3755592519792484,0.5244200432913525,0.6316666747008948,0.7019748639372851,0.6051282032645209,-0.082092747092247,Normal
0.4444043657721077,0.4926424763997945,0.3767957949114304,0.6316666747008937,0.5960502734940082,0.756410256295002,0.278288885951042,Normal
0.4214011470798665,0.5657498439631619,0.4252985361354015,0.6000000094190345,0.6624775602150405,0.8397435919952929,1.4385738745331762,Normal
0.4249887292832742,0.3965854191289366,0.6608352305057513,0.3733333338579811,0.565529621761554,0.7346153874783137,1.4900323897600174,Normal
0.1380393945782825,0.4851822363334521,0.769459878129036,0.7683333468404752,0.5942549450714384,0.4589743569029382,2.0916534970000003,Normal
0.43827456855108,0.5273523059790789,0.4767172000268269,0.6633333422061226,0.5350089741348337,0.6871794885334392,1.5090570896863935,Normal
0.4251847264145417,0.4878501082128914,0.388985980917836,0.5550000064971787,0.6822262136158133,0.8076923076334651,0.2351321056485176,Normal
0.4098703435843221,0.4581383346390976,0.4906826060023816,0.5966666716342792,0.8168761215957822,0.4692307642062707,0.683999106287956,Normal
0.39434917572538,0.5779719583697233,0.413482967518764,0.7100000044916325,0.5996409347004987,0.7448717948385241,1.3520582541823387,Normal
0.4679925890678715,0.4728228089647884,0.4558616015836372,0.6433333390017749,0.6858168768751695,0.8346153862384146,0.8342166244983675,Normal
0.303415956620111,0.621149934035672,0.620123124918328,0.706666671471239,0.6714542195609369,0.4525641098200427,3.1911083087325096,Normal
0.1854326723849728,0.4841970343898665,0.6356606518484421,0.7383333424989853,0.5727109502896811,0.7589743613586163,1.161777855091099,Normal
0.3535122793495738,0.4102704422782443,0.556446314939958,0.7383333415174598,0.4703770204120583,0.5730769212237923,0.4184972271323208,Normal
0.3421502859777655,0.4736055591566779,0.550149015588748,0.7133333362415295,0.4811490095058384,0.2089743514554686,1.0514585971832275,Normal
0.3722567994357136,0.6014024892201185,0.5454851015670343,0.6033333351340733,0.6355475796112655,0.8397435913844773,2.649255483876914,Normal
0.3158368518555088,0.4195251964774789,0.4280982905863683,0.6066666757774459,0.7630161591907263,0.3538461574599312,-0.7490678429603576,Normal
0.5188839564662554,0.4886751783167122,0.5231447595468569,0.510000010563054,0.6660682272379851,0.7038461575792425,1.836333364248276,Normal
0.5130061132021633,0.4054683197185766,0.4457839809051144,0.4716666744760457,0.714542195096151,0.7897435899887355,0.1741355806589125,Normal
0.4033711413689863,0.461553692680351,0.4090731506014355,0.5350000051985765,0.6750448833335104,0.828205130538815,-0.0043598709162323,Normal
0.5894685373316428,0.6758239603782882,0.636784169162349,0.6300000077142615,0.7181328530522683,0.6538461582602725,5.3315602242946625,Aggressive
0.4388926929566921,0.5926109148373438,0.4988680572904281,0.5766666722414221,0.6552962275377264,0.8076923073891392,2.464533298742026,Normal
0.7240828300732333,0.5488145660048067,0.6543748938508867,0.6383333387956853,0.8707360928831172,0.2012820551690946,4.635796189000001,Aggressive
0.3504603663745308,0.4836852815331631,0.4486069466807973,0.6550000007616636,0.8581687627641614,0.4794871813395312,0.3410364463925364,Normal
0.3626090715213702,0.4793889899632397,0.3959916720445148,0.5933333386138859,0.6642728918447186,0.8217948743505631,-0.1011611819267271,Normal
0.4249218684769155,0.5325348235949205,0.4832566559868534,0.6416666724915786,0.8779174135988507,0.283333341465931,1.5621367394924164,Normal
0.4067388540315595,0.2253633822375318,0.4398121980644656,0.4816666744900991,0.7055655265123534,0.8243589770457579,-2.4880570468958467,Normal
0.3582275254780869,0.4972645303842851,0.4257953477586508,0.4516666788946774,0.4434470422032948,0.7153846190357204,0.3417962789535523,Normal
0.247938731977595,0.4743892929399694,0.5005865881171632,0.7133333362415295,0.377019746928651,0.2679487186979557,0.1896013915538786,Normal
0.3624298986158123,0.3210855648584502,0.440141620326782,0.6316666721599011,0.8276481156506575,0.334615390971948,-1.576160505414009,Normal
0.5368665234491008,0.2821229204877451,0.6762392922420722,0.7116666697313325,0.8707360925544493,0.1769230870062294,0.8143365383148191,Normal
0.3614802249002581,0.4190128625725583,0.3928804617893052,0.5700000023891452,0.7289048489889378,0.8153846206055736,-0.8392464662902055,Normal
0.5811326848878674,0.3852522955265091,0.5232780014781596,0.6483333423438554,0.8958707326327893,0.7512820516375919,0.9235322326421738,Normal
0.4812751748676939,0.3844494836772624,0.5340458242882632,0.5766666727178574,0.8222621224723452,0.8102564125275957,0.5318867121823132,Normal
0.4033646782583627,0.4106844221392868,0.4462602594334227,0.4733333413038665,0.6409335755267331,0.716666669222768,-0.2815359830856324,Normal
0.5333158824804485,0.4058013851718958,0.5629432540023075,0.600000007195666,0.6894075394502373,0.693589745332507,1.275737762916833,Normal
0.6507783249328795,0.3823116732067001,0.5129250810973556,0.4700000105068417,0.7414721755288535,0.8346153878265354,1.131449043750763,Normal
0.5043673070436856,0.4484702452643769,0.4425021450946603,0.6366666716904921,0.8384201074815945,0.4397435962219072,0.607992075383663,Normal
0.3187320006955546,0.4832298736176782,0.6236391942411811,0.3983333416749047,0.7414721714231196,0.7948717957456137,1.6808424368500707,Normal
0.5844281312377627,0.4882101179386412,0.5988895612564995,0.6366666700670502,0.7612208232071644,0.3807692283238215,2.789515421,Normal
0.7569737349043972,0.399732993156803,0.7333105832593008,0.6300000069202009,0.5152603224447834,0.4038461597108156,3.7229993045330048,Normal
0.5188839564662554,0.4886751783167122,0.5231447595468569,0.510000010563054,0.6660682272379851,0.7038461575792425,1.836333364248276,Normal
0.5596827994534348,0.4847241375215708,0.4810827145327174,0.6600000015627504,0.9694793605847468,0.6256410316672119,1.6244368995539844,Normal
0.3776425317447591,0.4634398107549757,0.4248885437940227,0.7133333357650932,0.6606822267035671,0.776923079322515,0.0306586790829896,Normal
0.4522154750279456,0.3866449590053564,0.4805075647157957,0.4083333347012274,0.7540395020687686,0.85384615712427,-0.0379949358757587,Normal
0.4109711483586022,0.2541387513149165,0.6204668310727772,0.5600000058689573,0.820466787079077,0.6833333350403816,-0.587533563375473,Normal
0.4354062224379557,0.3046912417403167,0.4452866113173286,0.4983333399096907,0.7863554748244228,0.8410256435261351,-1.3773282838519665,Normal
0.4541448818122992,0.3410416763132202,0.6210815964034303,0.7483333384670773,0.9802513508030752,0.0269230809052631,0.6391582490000003,Normal
0.556804245957077,0.4450486696724823,0.5750828884217114,0.6300000107316908,0.8617594313267577,0.6525641070959204,1.950063079944812,Normal
0.477869060566787,0.4498652837019853,0.4187234820379498,0.5500000050608437,0.7271095156485374,0.8500000015544394,0.2952404475072399,Normal
0.5254414639377862,0.7485239733076736,0.4944277755638985,0.5400000055232268,0.2944344611704461,0.3846153912682222,4.661151722073554,Aggressive
0.6531787944762895,0.4441246161381663,0.6355873352316774,0.5133333410424545,0.6032316013812995,0.7948717967229185,2.914063036441803,Normal
0.6241472964899952,0.3608794611794566,0.6837285154360331,0.725000008165389,0.5296229802722323,0.4653846155997379,2.213989183306694,Normal
0.4056509877829573,0.4483015287609516,0.3826833251070762,0.5400000066349112,0.6481149020454469,0.8294871813366781,-0.3740514665842056,Normal
0.4179626471249011,0.3499465369657856,0.5536829397767673,0.6366666729609883,0.843806104081351,0.707692310094995,-0.0045330226421356,Normal
0.4717699752050548,0.5428489643817728,0.3481567027777595,0.5416666723510479,0.6858168770462414,0.821794874472726,0.7507084016688169,Normal
0.3722567994357136,0.6014024892201185,0.5454851015670343,0.6033333351340733,0.6355475796112655,0.8397435913844773,2.649255483876914,Normal
0.3789620463550148,0.666422702023431,0.5261817605187196,0.6633333380770092,0.7271095135956707,0.6358974370728122,3.276586517691612,Normal
0.3638523072884275,0.5376815038286933,0.4261056876338208,0.5833333370117119,0.7486535082061674,0.716666669222768,0.8438645750284195,Normal
0.4401977571649729,0.4906604734723615,0.4313383906494963,0.566666673656677,0.6840215469562136,0.7576923084366596,0.7012503445148468,Normal
0.5431738966468498,0.2734474710463562,0.5375442619317647,0.4966666759404867,0.5368043115809674,0.8025641057858071,-0.4424602985382082,Normal
0.3663687628085762,0.6260751303806463,0.4532050208327219,0.5883333381304229,0.6193895891277049,0.8256410279657836,2.1212247610092163,Normal
0.5258842846175805,0.4682718742446285,0.5149683472843009,0.7616666726602148,1.0,0.5230769228821279,1.561077062506229,Normal
0.4461848269103646,0.5314442806427836,0.4074095236485527,0.5516666737944095,0.6786355491589507,0.8179487198802007,1.00218113604933,Normal
0.4679925890678715,0.4728228089647884,0.4558616015836372,0.6433333390017749,0.6858168768751695,0.8346153862384146,0.8342166244983675,Normal
0.6843843353800582,0.5018322575068791,0.6790433988164233,0.8416666702316463,0.8240574530755901,0.1474359033849858,4.108577080070972,Normal
0.5243388865411236,0.4011085431844276,0.5550182605053842,0.488333338307517,0.707360859510609,0.7333333330155566,1.1104883700609205,Normal
0.4980360379550057,0.4088528934073843,0.6938023419557081,0.4283333401289427,0.6947935374185721,0.9705128212652816,2.2621869891881943,Normal
0.4294576922777833,0.5895807398329903,0.4677322970964753,0.6216666705577274,0.5529622952216385,0.3025641011127793,2.1181949973106384,Normal
0.4596957970642053,0.3568529182774674,0.7099534066134198,0.7350000046855768,0.6014362646194543,0.5448717936534261,1.6099441796541216,Normal
0.7589968586346594,0.9990303215747616,1.0,0.7983333409665301,0.953321368732608,0.1820512799359798,13.020883947610857,Aggressive
0.40107131903024,0.5054112968988994,0.612947700979663,0.7350000102439992,0.4901256789449979,0.3166666688071824,2.239972561597824,Normal
0.3377556884139318,0.7149389951640429,0.2553913044351596,0.7250000081653893,0.5780969510386249,0.8102564131384117,1.3341238498687744,Normal
0.3424640087656143,0.370801605078471,0.261405046208949,0.568333342231431,0.6588868962713946,0.6948718004060797,-2.6170151978731155,Normal
0.4596957970642053,0.3568529182774674,0.7099534066134198,0.7350000046855768,0.6014362646194543,0.5448717936534261,1.6099441796541216,Normal
0.5233470933372879,0.3114939127668584,0.5818476504615538,0.655000007114146,0.90843805883056,0.591025643388558,0.2869647741317749,Normal
0.388304222800085,0.6497308399580083,0.7336675689697174,0.5666666712744962,0.8061041306202061,0.7705128206910005,4.8989124074578285,Aggressive
0.3696213178252611,0.2743719246524138,0.4589154530845005,0.4316666683849754,0.400359066668081,0.707692310094995,-1.927907392324414,Normal
0.2549064556422757,0.5840653606169697,0.4673700665194161,0.7766666623585105,0.5780969441957358,0.8397435924839456,1.2215541005134587,Normal
0.4293961854184965,0.5126459505669385,0.4464142576454811,0.6150000057874374,0.861759425168157,0.2858974428173313,1.0359197482466698,Normal
0.6272394370122736,0.4958413984855444,0.4729791724113765,0.5683333365141965,0.5978456054658312,0.7653846156671009,2.006070554256439,Normal
0.4858072118451713,0.4504182837104676,0.7445533454828251,0.8433333430943258,0.5942549401536077,0.4153846133488536,3.123956650495529,Normal
0.5665384432834308,0.6931483659973166,0.4112522253020624,0.663333343953055,0.630161582327219,0.7884615398016878,3.4978733512107283,Normal
0.6173249937457563,0.4850302332044251,0.4869477029883353,0.6750000065070041,0.908438065331305,0.2333333343285218,1.9519135355949395,Normal
0.7116634612337419,0.7554802374827929,0.8260929437238085,0.7950000079461365,0.9263913850495328,0.2679487265163954,8.461394339799881,Aggressive
0.4502372785492275,0.4855775483082253,0.3924945735159008,0.5583333418997535,0.6696588881023312,0.82051282159809,0.3575259298086166,Normal
0.3728282458433045,0.403158001115994,0.3466976255149594,0.5250000043904633,0.5170556609173511,0.7038461575792425,-1.3654597550048493,Normal
0.6187985668888375,0.5985046760597776,0.4335083147317256,0.8350000105433422,0.5368043102123896,0.180769227794322,2.829370945692062,Normal
0.460725483601024,0.6867105538694919,0.7194613455002337,0.3983333442158975,0.7019748639372851,0.8269230794966256,5.553974270820618,Aggressive
0.3101594812020268,0.2931649927690743,0.4317330947625766,0.416666675828062,0.6409335837382011,0.7089743602820426,-2.222828730940819,Normal
0.4874056427047114,0.4524593021220245,0.3555429257727815,0.765000008221601,0.9084380625941492,0.3500000010349587,-0.1690682652406395,Normal
0.5046715502235192,0.5197530712119952,0.4172406354858973,0.6016666689415006,0.7217235211016467,0.8423076932245298,1.2272477006772533,Normal
0.5898116574145778,0.565865800725707,0.7129206620182269,0.6683333396721561,0.736086177560518,0.4076923161357884,4.697826072573662,Aggressive
0.554695653493474,0.8227280248990303,0.3632188438461478,0.7550000104309174,0.2226211727174905,0.2128205156988808,4.54664409160614,Aggressive
0.5842064309233699,0.4182018124684633,0.5713025670943985,0.5966666741752722,0.8402154367162611,0.7089743602820426,1.7339141815900805,Normal
0.388283103592699,0.5414181828541265,0.4649881159133383,0.4883333446599996,0.4829443469519736,0.7051282097209001,1.3358922456391156,Normal
0.4595781043501639,0.422342141097053,0.3770950870887787,0.5433333433079822,0.5457809741772371,0.7692307706261161,-0.4692898988723756,Normal
0.7343101648275526,0.4923366049676167,0.7169239459359075,0.6250000053368274,0.6894075398552081,0.2846153805403602,4.558372437999999,Aggressive
0.5046715502235192,0.5197530712119952,0.4172406354858973,0.6016666689415006,0.7217235211016467,0.8423076932245298,1.2272477006772533,Normal
0.4790745912439462,0.4593424645610234,0.5340569835789921,0.5383333431421436,0.7450628394724983,0.721794875834788,1.397449016571045,Normal
0.5935635962240723,0.5086945555769657,0.5159605197685161,0.7216666713335065,0.8958707401599683,0.4064102561756907,2.363770067691803,Normal
0.5461391377995445,0.5332633437551553,0.6030940472660686,0.7466666727979475,0.3016158013749392,0.7871794901032928,3.1705163046717644,Normal
0.59932471622601,0.4980138129868618,0.5447634302900869,0.5566666715780672,0.6355475768741092,0.7871794857054201,2.5123650580644603,Normal
0.3897115045721391,0.597071333666871,0.4660990233053975,0.6516666715527588,0.6750448824781495,0.8423076945683241,2.003067597746849,Normal
0.4930392288010003,0.4145400087014713,0.5611159201454546,0.5250000078843285,0.7127468579921606,0.7217948758347882,1.171028912067413,Normal
0.5459653972756773,0.4732000952605725,0.4590432270178348,0.8150000060684977,0.8904847401387656,0.2807692401145309,1.236155063379556,Normal
0.576321372038379,0.701803549888393,0.4992848568536402,0.633333340734655,0.6750448816227884,0.8025641074960903,4.397893376648426,Aggressive
0.5243388865411236,0.4011085431844276,0.5550182605053842,0.488333338307517,0.707360859510609,0.7333333330155566,1.1104883700609205,Normal
0.4235006582852739,0.5395731488317699,0.3713450393549126,0.5650000085757887,0.6445242391282349,0.8166666694488265,0.6813060936983675,Normal
0.5405610857663289,0.4716570900708283,0.4131672711840443,0.58166667240726,0.7163375265547567,0.7730769226532161,0.8003841787576672,Normal
0.464472634810415,0.4463116112353454,0.4714476713517461,0.6150000078519939,0.6570915591674048,0.5384615485820186,0.6406326743308455,Normal
0.4004416239496783,0.5463832974662227,0.5206312409030857,0.5916666759151784,0.6894075401345261,0.7012820519521326,1.927236557006836,Normal
0.3962585849454609,0.4167989359273781,0.5703324899513377,0.7183333383131124,0.5044883292452688,0.4397435884034673,0.8165489807724954,Normal
0.5842064309233699,0.4182018124684633,0.5713025670943985,0.5966666741752722,0.8402154367162611,0.7089743602820426,1.7339141815900805,Normal
0.5106832312325861,0.2426195046990442,0.5139406881465902,0.4483333407922982,0.7342908407986731,0.8423076945683244,-1.1590444294270128,Normal
0.4546164107671205,0.5647730204853549,0.4153332895145184,0.628333338027823,0.664272891502574,0.7500000019391964,1.4997437242418523,Normal
0.4259446998280604,0.4872107890905341,0.4788649171205057,0.5233333426446283,0.5780969524072032,0.8410256442591135,0.9993708729743958,Normal
0.4779507706151567,0.3836874933397357,0.4805291021469025,0.4616666738267447,0.6929982064731831,0.8012820555987593,0.0498308092355727,Normal
0.4265678504220816,0.3687336270891061,0.3647946472899718,0.4933333378381077,0.7791741496742867,0.8076923116648485,-1.3581774081103504,Normal
0.4412175499589896,0.5635313357186529,0.521467741336122,0.8833333393390482,0.779174146937131,0.2153846278006358,2.3286092206835747,Normal
0.4260856907612384,0.2784187968088218,0.3393982218562967,0.5283333370932328,0.5673249551019551,0.7397435901811139,-2.6337921768426895,Normal
0.3424640087656143,0.370801605078471,0.261405046208949,0.568333342231431,0.6588868962713946,0.6948718004060797,-2.6170151978731155,Normal
0.4729697707428951,0.7581704262197132,0.4391302538080243,0.6566666742595902,0.6499102340172694,0.8038461531631027,4.05218268930912,Normal
0.4612140308791703,0.483348791327179,0.4409075940424117,0.4633333397016925,0.6696588884444756,0.8179487219569735,0.7973321375902743,Normal
0.4208597740860304,0.3618011729607768,0.4890693073417085,0.4850000040166269,0.7145421927011393,0.8102564132605747,-0.404314711689949,Normal
0.426287562645446,0.6230920199700651,0.2891813019834635,0.5633333376188545,0.7127468615846777,0.8179487215904843,0.9691740721464156,Normal
0.517057807260653,0.3334618380861459,0.4441498143707784,0.566666670956872,0.5565529595074288,0.7410256409789762,-0.6627456692513081,Normal
0.4791870664871521,0.4887031469675648,0.4126883145349385,0.5400000094935282,0.7307001804475441,0.8307692339669884,0.7041560718789694,Normal
0.4585789257426321,0.4202507709598359,0.5626025608563551,0.5133333397719583,0.6947935350235607,0.7525641037792493,1.0868536978960035,Normal
0.3992714202247785,0.6769765422114365,0.456815386162234,0.6733333428554236,0.6445242394703793,0.8115384618595016,2.9036745578050613,Normal
0.4612140308791703,0.483348791327179,0.4409075940424117,0.4633333397016925,0.6696588884444756,0.8179487219569735,0.7973321375902743,Normal
0.5836419746212522,0.4003284481796908,0.5962778409504548,0.6733333387263103,0.7324955120772226,0.3820512811210775,1.735632449854165,Normal
0.4039421580406546,0.2954039908023501,0.4938414664290035,0.5633333414303441,0.7576301651570526,0.4948717992209818,-1.220438032411039,Normal
0.4360776525301024,0.4857258718531254,0.5455032912654111,0.5850000047924052,0.6463195695604068,0.514102563754355,1.5996231585741043,Normal
0.4685696670688292,0.4649660796018993,0.4869132207799831,0.7449999999352683,0.9838420163593288,0.3269230703035629,1.0104357898235317,Normal
0.0,0.5019402079248446,0.7526574456886779,0.7850000150282327,0.5332136502546272,0.5730769217919975,1.488429517,Normal
0.4673535037947599,0.5030095246812387,0.4422537392830357,0.5750000073193451,0.6804308826704234,0.8346153846502941,1.0679402053356168,Normal
0.3296955964025576,0.5549546633164083,0.6342358335315037,0.4616666687447583,0.667863550998341,0.6410256436848325,2.662338376045226,Normal
0.5178888533215109,0.4656994005035886,0.4798819748775351,0.4500000104787359,0.5439856435739927,0.8269230794966256,1.1931671798229218,Normal
0.4813501081650086,0.6273538501666168,0.5117501193765126,0.7300000102369724,0.6193895918648605,0.7217948699709581,3.1826167553663254,Normal
0.5059449456701565,0.8123362364908435,0.3819904447457204,0.6583333414050357,0.6912028755277932,0.7551282063522805,4.35398431122303,Aggressive
0.3330097335635079,0.5701562671921457,0.3559198865591141,0.7933333350834576,0.8689407573322538,0.488461538512694,0.4773795828223231,Normal
0.4305526646538174,0.5104363277711834,0.6063676252013833,0.5783333374811215,0.7953321428950041,0.8487179505122499,2.382533013820648,Normal
0.6039417716240736,0.4643567829507833,0.6419975666050637,0.7266666695936004,0.9102333986717058,0.19230769706924,2.9716187492012978,Normal
0.4529122723954483,0.4683318223568695,0.4267912028632954,0.5216666723229422,0.6283662488157463,0.7948717964785923,0.4616311490535737,Normal
0.5300205960996683,0.5567903098817453,0.5361655315622126,0.6483333398028615,0.7378815074794743,0.7089743602820426,2.7971507157199085,Normal
0.5165832526204382,0.504920398151684,0.5279859946437636,0.6066666745069497,0.6929982016831602,0.7653846150562853,2.056776985526085,Normal
0.4624836614641102,0.5890620559027486,0.4276771389542606,0.8266666754513647,0.4236983845257156,0.0628205245831078,1.926675260066986,Normal
0.3783136374607359,0.5278310041158458,0.499644632386739,0.6949999995473792,0.7109515279021331,0.4141025563206711,1.425806510727852,Normal
0.5433791631813544,0.4488038891509817,0.5963085289454705,0.6183333400783274,0.7001795338472571,0.4846153820877215,2.1116141378879547,Normal
0.4732617451796727,0.5880003352364893,0.4925745521525546,0.5983333411619048,0.7073608629320531,0.8320512847648514,2.520062893629074,Normal
0.5368312404202279,0.4904779127925439,0.7300402415182974,0.7200000052997456,0.7540395000159009,0.593589747671873,3.7107901871204376,Normal
0.6153168008295087,0.4533222838136173,0.3125288816393177,0.413333342807668,0.816876122451143,0.7871794881486829,0.0809465497732162,Normal
0.3450229852612489,0.5050168614576855,0.379911245697117,0.4550000042920921,0.5852782789259166,0.7794871801852629,-0.0223772078752517,Normal
0.4220372565435449,0.5113939916019641,0.4439721584623747,0.566666673656677,0.6804308806175564,0.8346153863605776,0.9654555320739746,Normal
0.5753425959487258,0.582097256609502,0.4930979228921381,0.7300003726090626,0.6265709165548714,0.7102564089737895,2.940333508,Normal
0.4763331295488063,0.4939446087587464,0.4904696867352747,0.6400000059813813,0.5798922789047144,0.7217948729028729,1.4166237604804337,Normal
0.4098703435843221,0.4581383346390976,0.4906826060023816,0.5966666716342792,0.8168761215957822,0.4692307642062707,0.683999106287956,Normal
0.4322345601441475,0.5040376936687648,0.3996050503825237,0.5750000063664729,0.6570915673788722,0.7717948714888636,0.548689931631088,Normal
0.2945539352261428,0.4791705612633885,0.5537105033058287,0.736666673746347,0.5439856328703824,0.7858974396002352,0.920920000786847,Normal
0.4260856907612384,0.2784187968088218,0.3393982218562967,0.5283333370932328,0.5673249551019551,0.7397435901811139,-2.6337921768426895,Normal
0.4546164107671205,0.5647730204853549,0.4153332895145184,0.628333338027823,0.664272891502574,0.7500000019391964,1.4997437242418523,Normal
0.5448498311061591,0.4430860531886479,0.3527774302353749,0.4383333391901232,0.7809694802775319,0.7961538482537605,-0.0294940774329007,Normal
0.4400779498536115,0.6658356049792964,0.4158334488704977,0.6100000049863504,0.6588868928499496,0.8230769229494903,2.6169550265185535,Normal
0.3962792807039492,0.5612156252005087,0.4708274379730353,0.6850000060446202,0.5978456020443862,0.6961538472947225,1.6553164571523666,Normal
0.4455593186697488,0.5294506147675597,0.462501267974409,0.6466666707516722,0.6732495511906157,0.841025643770461,1.4467078298330307,Normal
0.1951692852832211,0.4833620265122221,0.2539622456644202,0.4233333418688492,0.5421903109178811,0.7141025649394528,-2.063742682337761,Normal
0.5289387435803463,0.447261821685683,0.541394328826133,0.7183333433950984,0.7450628432360884,0.4743589727729011,1.555695842951536,Normal
0.4715371765506965,0.5866060835943631,0.4058580473495401,0.6766666717467038,0.7504488360722565,0.6499999996363641,1.7544850707054138,Normal
0.5883013690264864,0.7127816581506168,0.5494714234556909,0.8566666777168928,0.3411131088607736,0.8064102605004957,5.012083567678928,Aggressive
0.4533306771750451,0.2788865582246104,0.5038812571119555,0.5150000040587861,0.5511669659869722,0.7346153855237036,-1.093246057571378,Normal
0.3573212636572438,0.4472109807124861,0.5401265218064258,0.6333333399405944,0.7181328571580012,0.38589743754605,0.7291609793901446,Normal
0.2171470827132081,0.6512903572521188,0.6885638361088535,0.5966666624231802,0.5224416489634962,0.6602564121274257,3.7187757194042206,Normal
0.4505383012036176,0.3129290057486076,0.3888162481058499,0.4183333397972666,0.7073608629320531,0.7794871825063616,-1.691708505153656,Normal
0.2857709487057352,0.5602942293915559,0.5852111722256546,0.5500000017257908,0.7055655333552427,0.8410256421823404,2.0972002441994846,Normal
0.4005618406897493,0.5033130772961674,0.4448098864173911,0.7100000095736189,0.9569120272019418,0.591025639479338,0.7761050537228583,Normal
0.5445281581853596,0.5488510658639814,0.4765147704930051,0.771666674262389,0.933572718411136,0.4833333377645037,2.2634247094392776,Normal
0.375079592340015,0.5847550875246006,0.4374661803745348,0.6983333411436238,0.4398563727853372,0.1217948761887151,1.5448300540447235,Normal
0.4354742801075741,0.5886039749629611,0.4760422861235447,0.5216666754991828,0.7127468626111115,0.8564102561545711,2.20636448264122,Normal
0.4697096264047609,0.5217381497239141,0.5224469690975805,0.7133333400530186,0.68761220867592,0.4858974303201588,1.9835056215524671,Normal
0.2857709487057352,0.5602942293915559,0.5852111722256546,0.5500000017257908,0.7055655333552427,0.8410256421823404,2.0972002441994846,Normal
0.3099702090549661,0.4653486915609743,0.490814174040075,0.6983333376497584,0.7701974870780175,0.3025641108858293,0.2949724346399308,Normal
0.4810950889831745,0.4947350696558536,0.5140411217631501,0.531666675195612,0.5224416522138685,0.8038461552398757,1.6499276012182238,Normal
0.5111659648877732,0.5030959431237507,0.4904816271763546,0.4900000102173239,0.6588869007192726,0.8205128236748629,1.6891964375972748,Normal
0.4461848269103646,0.5314442806427836,0.4074095236485527,0.5516666737944095,0.6786355491589507,0.8179487198802007,1.00218113604933,Normal
0.483047458412606,0.4974477739721227,0.5701420008585958,0.540000007428972,0.7019748642794297,0.7769230788338625,2.17036597430706,Normal
0.6750963086270413,0.4933958666431488,0.640379804228099,0.8133333382878045,0.847396770077864,0.1282051212601227,3.635374911129474,Normal
0.4157153854908768,0.3059131323670932,0.3901908495378324,0.4383333396665604,0.7199281850240905,0.7871794891259876,-1.9274091571569445,Normal
0.3754337026817213,0.610935402940449,0.4652859573828919,0.6783333414331417,0.6104129224257012,0.7474358996104915,2.090454690158367,Normal
0.5223379220612913,0.3737099166755385,0.6059827412641445,0.5766666722414213,0.8222621197351893,0.1076923026304819,1.2160842414014037,Normal
0.5065695597561192,0.5732508597888418,0.4885809767794131,0.5933333398843819,0.6786355483035892,0.8102564092291915,2.471626795828342,Normal
0.4426688210025915,0.3927055026944543,0.4019923574481514,0.4716666712998045,0.7522441670176455,0.8346153862384147,-0.6834474056959152,Normal
0.4435790516151405,0.4124520021410695,0.3915887738874382,0.6200000104000133,0.7073608636163425,0.7064102618625575,-0.5370861142873764,Normal
0.4791870664871521,0.4887031469675648,0.4126883145349385,0.5400000094935282,0.7307001804475441,0.8307692339669884,0.7041560718789694,Normal
0.4728438141574282,0.6121546568642174,0.4007384994873666,0.6316666712070289,0.6660682245008298,0.8333333336081049,2.015745311626233,Normal
0.4629459928533478,0.458281194919837,0.4240581809708873,0.5300000086854157,0.5403949748403247,0.6948717984514696,0.3683821861632168,Normal
0.4181863003027199,0.433432164733315,0.6983668266425388,0.7000000054304518,0.910233393197394,0.6371794911690798,2.2094143703579903,Normal
0.6294563601357874,0.4409317332016985,0.6521188201103364,0.706666671471239,0.9066427319909044,0.217948724265511,2.9053277522325516,Normal
0.4763331295488063,0.4939446087587464,0.4904696867352747,0.6400000059813813,0.5798922789047144,0.7217948729028729,1.4166237604804337,Normal
0.4009391472855879,0.4797000137957612,0.5841712379771197,0.7583333358283322,0.5134649877358042,0.1564102527397089,1.6927118003368378,Normal
0.3629389643902087,0.551355633575815,0.5534223703382481,0.4583333398534781,0.3967684011847848,0.8423076944461613,2.0875037163496017,Normal
0.4063862621350495,0.503380736153441,0.4573527060108292,0.6700000039589843,0.692998202196377,0.4756410327329987,0.911750823259354,Normal
0.3557943235996038,0.7468321986442849,0.4780381252704035,0.7533333356624932,0.714542188082189,0.8064102598896803,3.6955519169569016,Normal
0.570354139976747,0.4094856331696375,0.4227556685570133,0.510000008022061,0.7486535039293613,0.7974358989294607,0.2966974973678588,Normal
0.5460824845725056,0.3915735163988894,0.4666579921780067,0.5400000102875891,0.6265709176992849,0.6846153871820392,0.3471148316748438,Normal
0.3410539111907492,0.8527011127170775,0.3550422083432883,0.5750000089074659,0.6247755855563897,0.8307692295691161,3.812618032097817,Normal
0.3577490476362885,0.4291812916430558,0.3771762151323776,0.5516666677595515,0.7863554729426279,0.4641025712765207,-0.8722506240010258,Normal
0.5596827994534348,0.4847241375215708,0.4810827145327174,0.6600000015627504,0.9694793605847468,0.6256410316672119,1.6244368995539844,Normal
0.4250433072283456,0.5151617556831325,0.7145925469552266,0.6549999956796778,0.7701974857094397,0.9000000013620613,3.33652426302433,Normal
0.3992714202247785,0.6769765422114365,0.456815386162234,0.6733333428554236,0.6445242394703793,0.8115384618595016,2.9036745578050613,Normal
0.5286069910266986,0.2925712704978792,0.6052480135625555,0.3150000123535761,0.5134649870515147,0.7846153871637719,0.2906149476766584,Normal
0.5208935235570227,0.7194090001874939,0.4121735363446381,0.6733333441259204,0.6175942551030151,0.8320512869637875,3.5960881263017654,Normal
0.5406213800264107,0.4622518361944207,0.5258939624108219,0.5833333395527052,0.6912028743302875,0.8115384640584379,1.654034063220024,Normal
0.6217403607966201,0.3259933718935138,0.5860513553336089,0.5800000090733047,0.919210062636554,0.3243589816571276,0.959793232847005,Normal
0.3413853319659599,0.6016126720004501,0.3001644991046343,0.5883333428947851,0.7073608639584873,0.8153846160855382,0.4085753709077835,Normal
0.4556155340782462,0.5711096475588153,0.5873610096390606,0.7466666727979479,0.8563734313055554,0.2512820643117273,3.0487507432699203,Normal
0.247938731977595,0.4743892929399694,0.5005865881171632,0.7133333362415295,0.377019746928651,0.2679487186979557,0.1896013915538786,Normal
0.3025554613992753,0.4124793796178151,0.3821774744583364,0.6466666771041548,0.7791741483057091,0.3589743582081215,-1.286993384361267,Normal
0.391243232278904,0.4162442719178692,0.4492719288153308,0.5216666697819492,0.7432675088692537,0.8076923116648485,-0.2483438104391097,Normal
0.4957267141445941,0.5005821994724383,0.6299304675753975,0.8483333362724335,0.6678635564726525,0.121794860551835,2.7781986668705936,Normal
0.4514152982838801,0.4660700615723121,0.6784169162349044,0.6766666717467038,0.9712746857136796,0.576923077648765,2.5784648843109608,Normal
0.4031857784033212,0.3136307982139815,0.3534364980003109,0.4633333381135722,0.7271095156485378,0.8230769251484265,-2.210759490262717,Normal
0.3992971389362481,0.4199791060723824,0.4392236570714249,0.7433333448595397,0.527827650866493,0.6141025663015138,-0.2522828951478,Normal
0.4620683846693623,0.4339691393666647,0.3909338351145607,0.4533333409581362,0.7019748639372855,0.8307692342113144,-0.2032113077584654,Normal
0.4632196574146944,0.2811455211248168,0.4472506464856101,0.5766666735119184,0.7935368081860251,0.6294871841829646,-1.5038238018751144,Normal
0.5150584038258192,0.4125086121581376,0.6003393763496465,0.6200000053180277,0.8833034113961136,0.5333333400153882,1.5870557660236952,Normal
0.5431738966468498,0.2734474710463562,0.5375442619317647,0.4966666759404867,0.5368043115809674,0.8025641057858071,-0.4424602985382082,Normal
0.576321372038379,0.701803549888393,0.4992848568536402,0.633333340734655,0.6750448816227884,0.8025641074960903,4.397893376648426,Aggressive
0.4400779498536115,0.6658356049792964,0.4158334488704977,0.6100000049863504,0.6588868928499496,0.8230769229494903,2.6169550265185535,Normal
0.3367670294574591,0.6192138311909472,0.3242625410075164,0.6216666718282242,0.6229802544399279,0.8153846184066375,0.798438876401633,Normal
0.3614802249002581,0.4190128625725583,0.3928804617893052,0.5700000023891452,0.7289048489889378,0.8153846206055736,-0.8392464662902055,Normal
0.4616396171201992,0.4186951472607056,0.5069694792282636,0.6016666749763596,0.6768402122260332,0.6461538454103276,0.6077556610107422,Normal
0.5524618575147868,0.4348417378500598,0.5961445989646633,0.4333333383890371,0.6157989251840585,0.8461538502603181,1.9900560826063152,Normal
0.6229797251196411,0.5940587817253287,0.4989894704868965,0.7733333366561578,0.5834829477192971,0.5974358948568272,3.356834874,Normal
0.5196269048614404,0.7547782691940854,0.4610623890278282,0.7133333441821325,0.6104129258471461,0.8256410288209256,4.421541973948479,Aggressive
0.570354139976747,0.4094856331696375,0.4227556685570133,0.510000008022061,0.7486535039293613,0.7974358989294607,0.2966974973678588,Normal
0.4352514222567889,0.4017620045984872,0.4235996457148379,0.5266666724887804,0.6660682255272637,0.8333333355627145,-0.4280992897693069,Normal
0.4327445985078157,0.424203513928699,0.4782593024126498,0.5100000054810679,0.65170556735767,0.7692307703817899,0.2895835340023041,Normal
0.4214011470798665,0.5657498439631619,0.4252985361354015,0.6000000094190345,0.6624775602150405,0.8397435919952929,1.4385738745331762,Normal
0.5796449346874575,0.5427499554198664,0.4349262142662249,0.8300000110127512,0.9748653496573252,0.4461538491117549,2.003441069740802,Normal
0.4109711483586022,0.2541387513149165,0.6204668310727772,0.5600000058689573,0.820466787079077,0.6833333350403816,-0.587533563375473,Normal
0.5566656361518576,0.4790390913368582,0.4901510889577211,0.655000005843649,0.7881508163762906,0.6294871802737445,1.6211151177994907,Normal
0.4533306771750451,0.2788865582246104,0.5038812571119555,0.5150000040587861,0.5511669659869722,0.7346153855237036,-1.093246057571378,Normal
0.2857902075420091,0.5145663210455587,0.7085707704921125,0.411666673756479,0.8186714544229655,0.788461539923851,2.6167087629437447,Normal
0.4094880822736207,0.5081037585983343,0.4202683742464549,0.7350000110380595,0.8599640938806227,0.5717948729913547,0.664798531681299,Normal
0.6174885958108113,0.5000381867895113,0.3420541330497683,0.8316666762524522,0.662477561925762,0.1256410326136875,0.88995549082756,Normal
0.434701322627277,0.6491732914265638,0.5138150345329832,0.6583333396581033,0.6391382421863328,0.5435897454209888,3.2338944375514984,Normal
0.5150584038258192,0.4125086121581376,0.6003393763496465,0.6200000053180277,0.8833034113961136,0.5333333400153882,1.5870557660236952,Normal
0.1728082688558384,0.4705772086379303,0.3900087299131372,0.4416666569645593,0.5601436244775081,0.8397435924839456,-1.156818717718124,Normal
0.5345678118425985,0.3675103247793328,0.4808430129951056,0.8650000089973805,0.8420107755309733,0.1500000076683009,0.1322171092033385,Normal
0.5099458610584608,0.533502565415326,0.4760324659477033,0.573333338744592,0.7360861777315904,0.8166666679828691,1.915542632341385,Normal
0.4969626948074656,0.3866524862825629,0.5162621553969176,0.4050000029513301,0.7019748707801746,0.8512820555285436,0.4801813515368847,Normal
0.5497190773337067,0.6918163972229291,0.4818936602172289,0.6633333364888878,0.7145421923589947,0.8333333355627146,4.0061133205890656,Normal
0.4631847085172971,0.5763611923961351,0.4743987458394851,0.5966666722695273,0.6229802539267114,0.7743589750392,2.1807440449483693,Normal
0.5148693714926051,0.4271344634169995,0.3565405663094541,0.5316666739251155,0.4775583469307715,0.8358974402125188,-0.3262914121150972,Normal
0.5460824845725056,0.3915735163988894,0.4666579921780067,0.5400000102875891,0.6265709176992849,0.6846153871820392,0.3471148316748438,Normal
0.4349113799482914,0.5458279569191044,0.4063613313614123,0.6066666735540768,0.6840215452454913,0.8346153846502941,1.1079052835702896,Normal
0.4443721542429028,0.5289651359657127,0.49583987221273,0.7383333402469633,0.6104129261892906,0.682051284853334,1.720303475856781,Normal
0.4088788453436744,0.2349688836018444,0.4663217627483458,0.4950000078421696,0.7558348285662803,0.8307692329896836,-2.138999849325046,Normal
0.5527835021991236,0.404912254218728,0.3615819990820367,0.4600000063636755,0.7360861785869512,0.8115384652800691,-0.3630344420671464,Normal
0.4039421580406546,0.2954039908023501,0.4938414664290035,0.5633333414303441,0.7576301651570526,0.4948717992209818,-1.220438032411039,Normal
0.3811818401855729,0.3291542326868419,0.4713020426077343,0.4750000074964393,0.671454220074154,0.8038461569501596,-1.1264319568872452,Normal
0.4790745912439462,0.4593424645610234,0.5340569835789921,0.5383333431421436,0.7450628394724983,0.721794875834788,1.397449016571045,Normal
0.4866150539064783,0.4004118954626827,0.4531948658781586,0.5133333435834471,0.5906642775785396,0.7807692320825941,0.052985534071922,Normal
0.4412175499589896,0.5635313357186529,0.521467741336122,0.8833333393390482,0.779174146937131,0.2153846278006358,2.3286092206835747,Normal
0.4800479178011567,0.4030146057207612,0.4254583371786389,0.6733333463492894,0.7163375320290685,0.5794871819320799,-0.1848018318414688,Normal
0.5393367527423766,0.3792627513977445,0.4518354410815673,0.4933333395850398,0.730700178223605,0.8269230786414838,0.0444201086647808,Normal
0.5936557474888825,0.4657296625022697,0.5975411841993817,0.8850000020377554,0.8976660743557299,0.229487177903549,2.558896660804748,Normal
0.3950021909867715,0.5798243871448375,0.4017335734961488,0.648333334720876,0.5727109503331345,0.7141025676270415,1.2764145955443382,Normal
0.438343205117206,0.4623572690385965,0.5128000970411922,0.3416666714347393,0.6660682203950963,0.8384615410752667,1.057591676712036,Normal
0.54974942221703,0.4472231915056378,0.5160289262206841,0.708333335440443,0.8635547646671585,0.7025641073921945,1.4373123351251706,Normal
0.2388484922338442,0.57731931999281,0.405367038502981,0.5866666687616092,0.6175942571558819,0.8333333353183885,0.5365083809010684,Normal
0.4472161558680987,0.47642312552833,0.5098051665953774,0.4783333405168328,0.6391382426995498,0.7756410257149002,1.2386481761932373,Normal
0.3457628527446117,0.3685720378010994,0.4008221942223218,0.7783333403031756,0.5745062876081961,0.6974358988255647,-1.4359627068042753,Normal
0.4187896647703271,0.638720130544446,0.5416437390755675,1.0,0.5655296217380603,0.1192307637799543,3.2738896469999994,Normal
0.513867422574341,0.572266636442041,0.5356095756981001,0.6433333390017749,0.6965888716143334,0.8217948743505631,2.896684229373932,Normal
0.4033711413689863,0.461553692680351,0.4090731506014355,0.5350000051985765,0.6750448833335104,0.828205130538815,-0.0043598709162323,Normal
0.4866150539064783,0.4004118954626827,0.4531948658781586,0.5133333435834471,0.5906642775785396,0.7807692320825941,0.052985534071922,Normal
0.498244386970025,0.4768822384746403,0.4313773365741401,0.5433333383848085,0.6373429102145103,0.8038461541404075,0.8161336705088615,Normal
0.3569476889805626,0.9082089570113988,0.528222683200123,0.7200000048233097,0.7935368027117132,0.206410270627473,6.01730652153492,Aggressive
0.5088092744601546,0.6474036423154068,0.4255014120408524,0.7250000102299461,0.5547576299306181,0.621794880128764,2.810447365278378,Normal
0.4227644646794506,0.456284407543402,0.3877297795604869,0.533333339958876,0.7091561945617321,0.837179490033077,-0.1562785208225251,Normal
0.5258842846175805,0.4682718742446285,0.5149683472843009,0.7616666726602148,1.0,0.5230769228821279,1.561077062506229,Normal
0.5287293333449361,0.433174947937182,0.3162180315068869,0.3933333396033211,0.7378815093612686,0.797435899418113,-0.534412593115121,Normal
0.4450647036895004,0.5052331547358984,0.4707052437395542,0.7583333421808147,0.8617594340639134,0.5397435929052359,1.2312320619821548,Normal
0.3992971389362481,0.4199791060723824,0.4392236570714249,0.7433333448595397,0.527827650866493,0.6141025663015138,-0.2522828951478,Normal
0.4827616613729102,0.3715186585151975,0.5300422055330111,0.5983333493325935,0.6714542256299659,0.3576922997348493,0.3534980559999998,Normal
0.434701322627277,0.6491732914265638,0.5138150345329832,0.6583333396581033,0.6391382421863328,0.5435897454209888,3.2338944375514984,Normal
0.4472161558680987,0.47642312552833,0.5098051665953774,0.4783333405168328,0.6391382426995498,0.7756410257149002,1.2386481761932373,Normal
0.4813501081650086,0.6273538501666168,0.5117501193765126,0.7300000102369724,0.6193895918648605,0.7217948699709581,3.1826167553663254,Normal
0.4622909193695185,0.3378947495024582,0.5575616860483088,0.4950000030778076,0.7755834848752805,0.8435897457326766,0.098201125860214,Normal
0.3388114528927736,0.4522390693818749,0.3725222328794126,0.5850000047924052,0.6570915651549327,0.8051282061599019,-0.7322939787991345,Normal
0.483047458412606,0.4974477739721227,0.5701420008585958,0.540000007428972,0.7019748642794297,0.7769230788338625,2.17036597430706,Normal
0.3926332318651185,0.3718686947268136,0.4257718016552129,0.5350000117098708,0.7127468585053773,0.8089743602637754,-0.9615735257975756,Normal
0.3449173275550998,0.5839693457878768,0.6252936706846437,0.6183333418252596,0.6947935428928839,0.2346153786517396,2.997559159994126,Normal
0.6432323090993438,0.5812396503123616,0.3000803580525386,0.4066666767668808,0.795332137420692,0.7743589740618951,1.603218361735344,Normal
0.4519616322673486,0.4821959406826093,0.3834595653701765,0.511666669767896,0.5547576326677736,0.7346153865010087,0.2489525973796843,Normal
0.5693985365059764,0.4421441497537785,0.6144356808054509,0.768333343782988,0.8114901316678423,0.4384615362618097,2.312219589948654,Normal
0.5062333968238623,0.559910394313639,0.5202654393529933,0.6400000066166294,0.7019748694115967,0.7371794907843237,2.584781154990196,Normal
0.6109365568008956,0.4973107566320179,0.492952294143727,0.5400000067937234,0.6858168775594582,0.8064102598896802,2.116514801979065,Normal
0.3861621404332911,0.4567299234852526,0.3389998351772759,0.601666674023487,0.6068222663513786,0.6948718004060797,-0.7413591443910262,Normal
0.5913621937429054,0.4188921101648871,0.3726392938936472,0.7133333375120261,0.5727109523860013,0.7641025691449463,0.078195571899414,Normal
0.3582810869105001,0.8411419006930446,0.5675274906337283,0.746666668986458,0.7307001795921829,0.7833333356329302,5.575149118900299,Aggressive
0.2388484922338442,0.57731931999281,0.405367038502981,0.5866666687616092,0.6175942571558819,0.8333333353183885,0.5365083809010684,Normal
0.4439636071384387,0.3259903121852858,0.4391349407101304,0.6700000082469101,0.8689407516868697,0.7294871808662935,-1.1401513069868088,Normal
0.4510455943556315,0.6988750479118584,0.4763700344922517,0.6933333444716502,0.5709156231513347,0.7641025619373227,3.5728090405464172,Normal
0.607870462846793,0.2490081805755579,0.655827945162799,0.4450000128538897,0.8078994605391622,0.7320512845387928,0.5898406654596329,Normal
0.5059936786674428,0.4434454309860544,0.5364013273753137,0.5683333400080622,0.7971274731561044,0.8153846186509633,1.359411895275116,Normal
0.4741407178181455,0.7172892792336419,0.7361804181300926,0.8733333375975915,0.3608617631563351,0.1833333380634965,6.118208662,Aggressive
0.508349998932683,0.7984494318587497,0.4443146370948438,0.7250000068948929,0.7432675040792315,0.717948718921163,4.735615938901901,Aggressive
0.275600626613963,0.5122207154643859,0.4553064268698759,0.5249999977203564,0.6086175959281902,0.8025641044420126,0.3764794766902923,Normal
0.4883019975469107,0.1096716644292616,0.4255718271653516,0.4716666633592008,0.743267507500676,0.7179487179438575,-3.57545194006525,Normal
0.1829582167710588,0.0,0.0074189196623689,0.0,0.7522441673597897,0.873076928865268,-9.881913244724274,Normal
0.3816945673860132,0.3699701365143006,0.4912791816847471,0.4116666689921172,0.6965888697325392,0.8500000026539074,-0.4759051797445861,Normal
0.3871477623890726,0.2267328013819612,0.3570899381920364,0.3850000032408479,0.7827648136179329,0.7243589766975355,-3.2720351219177246,Normal
0.3449120191981499,0.3631437675801037,0.4344811816974687,0.4966666767345468,0.7289048503575157,0.8115384639362746,-1.2158405776135623,Normal
0.4962870335764438,0.5434866399655662,0.5902974654758465,0.7800000033855866,0.5224416529024859,0.2500000033975006,2.943949208,Normal
0.6241472964899952,0.3608794611794566,0.6837285154360331,0.725000008165389,0.5296229802722323,0.4653846155997379,2.213989183306694,Normal
0.3488487184973947,0.5762429410116793,0.4268542528559136,0.5866666725730985,0.6355475755055313,0.5064102495606151,1.2300008833408356,Normal
0.5836419746212522,0.4003284481796908,0.5962778409504548,0.6733333387263103,0.7324955120772226,0.3820512811210775,1.735632449854165,Normal
0.5055314132613282,0.5798424714665485,0.4110656419610757,0.6650000087163194,0.933572710199668,0.1320512933219753,1.8813419789075851,Normal
0.4728438141574282,0.6121546568642174,0.4007384994873666,0.6316666712070289,0.6660682245008298,0.8333333336081049,2.015745311626233,Normal
0.3673663037012697,0.4749575794355806,0.3346319771930879,0.7533333439207205,0.5996409352137149,0.6500000028126053,-0.6547751873731611,Normal
0.6222776598963612,0.3580699775848183,0.6332431030282633,0.6450000077353412,0.8922800734791662,0.3102564159173346,1.7408017069101331,Normal
0.4519616322673486,0.4821959406826093,0.3834595653701765,0.511666669767896,0.5547576326677736,0.7346153865010087,0.2489525973796843,Normal
0.446521642418649,0.453357285397811,0.4034440696335591,0.5283333418575942,0.7235188517048922,0.837179490033077,0.0566173945553599,Normal
0.4833785623119571,0.4569471493915825,0.5365149289549336,0.6983333376497584,0.9066427265165932,0.4769230770562161,1.410881906747818,Normal
0.4265678504220816,0.3687336270891061,0.3647946472899718,0.4933333378381077,0.7791741496742867,0.8076923116648485,-1.3581774081103504,Normal
0.4340043416247232,0.4665032851698013,0.6841019053038212,0.8833333393390482,0.4380610312334684,0.1987179577775278,2.5494214966893196,Normal
0.2289532748610611,0.4102436814572482,0.4387616624352496,0.4183333436087559,0.5403949782617691,0.691025645935717,-1.1791492402553558,Normal
0.4318570417748384,0.3207560158718016,0.4984503650929351,0.5183333397789845,0.7271095211228495,0.7743589755278522,-0.751959964632988,Normal
0.4869598415094067,0.5905238969646726,0.5470815497531956,0.6433333370960299,0.5960502716122138,0.6128205141598563,3.0804546996951103,Normal
0.4578528353000427,0.4624806511915929,0.4955668043685945,0.6483333398028617,0.7181328530522683,0.5910256443658629,1.004420716781169,Normal
0.4235697058488018,0.2610677144582177,0.3937215375315403,0.3333333444421768,0.7217235265759592,0.7397435921357235,-2.3844256699085236,Normal
0.6153168008295087,0.4533222838136173,0.3125288816393177,0.413333342807668,0.816876122451143,0.7871794881486829,0.0809465497732162,Normal
0.4614126649823182,0.4303020456305889,0.5576423677202785,0.5333333385295681,0.6822262113918738,0.8615384644768745,1.1754785478115082,Normal
0.5320656722090537,0.4120829922827826,0.4574350615764083,0.506666672778299,0.6678635574990864,0.7974359013727228,0.4415927529335021,Normal
0.4179626471249011,0.3499465369657856,0.5536829397767673,0.6366666729609883,0.843806104081351,0.707692310094995,-0.0045330226421356,Normal
0.5130061132021633,0.4054683197185766,0.4457839809051144,0.4716666744760457,0.714542195096151,0.7897435899887355,0.1741355806589125,Normal
0.5165832526204382,0.504920398151684,0.5279859946437636,0.6066666745069497,0.6929982016831602,0.7653846150562853,2.056776985526085,Normal
0.5696323940276871,0.5006741882020097,0.5176020514074889,0.5883333454357779,0.692998212289639,0.6615384603598632,2.1703331617172807,Normal
0.5300205960996683,0.5567903098817453,0.5361655315622126,0.6483333398028615,0.7378815074794743,0.7089743602820426,2.7971507157199085,Normal
0.4779507706151567,0.3836874933397357,0.4805291021469025,0.4616666738267447,0.6929982064731831,0.8012820555987593,0.0498308092355727,Normal
0.5111659648877732,0.5030959431237507,0.4904816271763546,0.4900000102173239,0.6588869007192726,0.8205128236748629,1.6891964375972748,Normal
0.6217996322692741,0.4588972900731827,0.5381860327415822,0.5300000048739258,0.752244171465524,0.8461538491608498,2.1054088473320007,Normal
0.4173316296597217,0.3835489508926228,0.5367053064064885,0.7233337056637782,0.649910234037229,0.6307692286168319,0.2403794296914596,Normal
0.3252819909932298,0.7001300404663773,0.4448471584484256,0.6850000055681843,0.737881507479474,0.3615384703098767,2.720771722495556,Normal
0.6019764824442511,0.3554218201802275,0.4889127424927824,0.4766666727361395,0.8850987510661878,0.5730769275762743,0.3799594938755034,Normal
0.4423590262204467,0.5086713876675679,0.5203111924449816,0.3283333368121712,0.5655296258672878,0.8089743605081015,1.682526558637619,Normal
0.4439636071384387,0.3259903121852858,0.4391349407101304,0.6700000082469101,0.8689407516868697,0.7294871808662935,-1.1401513069868088,Normal
0.4762161388246022,0.5324692236543641,0.5359978074225575,0.8766666732982611,0.5511669695794887,0.1115384746923346,2.2557206451892853,Normal
0.4929363790542003,0.4605732075104185,0.536071012369739,0.5850000098743913,0.7504488367565442,0.7166666711773777,1.4948924481868744,Normal
0.3719454265490409,0.6540868006161868,0.4255002961117795,0.6200000069061475,0.4631956843132993,0.6820512854641491,2.238559916615486,Normal
0.608486614621745,0.5279392705186722,0.5782285808852732,0.7983333460485159,0.908438064989161,0.5089743571423349,3.191869843751192,Normal
0.4160175313290065,0.3928753327456587,0.5189157231393361,0.7200000052997456,0.6678635571569418,0.6397435882447703,0.1911857426166535,Normal
0.5660256878955495,0.820394732047533,0.5149889919176605,0.8250000076706718,0.6929982020253046,0.665384616784836,5.8701968640089035,Aggressive
0.3794487614004684,0.4479821571423337,0.6569934214865224,0.6833333377874908,0.8384201088501719,0.2820512922561884,1.8420218974351883,Normal
0.3386955611356206,0.4078437872366428,0.397547388765027,0.5583333407880686,0.7019748683851629,0.8141025678531001,-1.038208812009543,Normal
0.5609446493732221,0.4930520887073055,0.5519112907806515,0.5700000074711307,0.5852782789259159,0.8256410289430887,2.3331324011087418,Normal
0.4007909246805663,0.5299193776119002,0.4215289277271883,0.540000007428972,0.6696588860494646,0.8012820525446812,0.889410525560379,Normal
0.4000294861083705,0.4276778747331626,0.5861921855281185,0.7200000060938058,0.526032315644298,0.5166666660830601,1.0972319766879082,Normal
0.4275728738793551,0.3930022415181677,0.5735290687806232,0.5233333393095746,0.6624775591886066,0.771794872710495,0.714278981089592,Normal
0.4196915876995233,0.4763901472263691,0.3382697943777931,0.5333333396412521,0.640933573644939,0.8166666693266634,-0.3584101344458758,Normal
0.4853167099763271,0.3863949790156125,0.4066153168184014,0.6966666749510513,0.8581687701202678,0.6000000044709409,-0.5151867121458055,Normal
0.4082230942337613,0.4688924745523754,0.6390965973871859,0.218333336975212,0.7522441659912117,0.8846153883671359,2.0702993273735046,Normal
0.8895080184823988,0.3891011855130339,0.7622789860623806,0.7783333415736724,0.0341113088332105,0.2410256471784669,4.475696213543415,Aggressive
0.676651414556254,0.1779943694743376,0.5292380670635431,0.3066666836140817,0.7701974857094394,0.716666669222768,-0.9958689510822296,Normal
0.5318140664528034,0.3666274674065584,0.5170818052737088,0.6066666732364534,0.8833034177257862,0.6346153888403747,0.4185096616856756,Normal
0.5355510305739186,0.3840406943869904,0.5511869412194405,0.5166666715218554,0.8043087981351666,0.8448717965305398,0.9313796758651732,Normal
0.6713873802250535,0.5510029466206985,0.5680032111975002,0.7116666773543119,0.8922800734791672,0.7205128212498672,3.6729775965213776,Normal
0.4272743925066108,0.5562403510575314,0.5577501664687194,0.5833333398703288,0.391382397228921,0.5641025646614445,2.487183079123497,Normal
0.4685696670688292,0.4649660796018993,0.4869132207799831,0.7449999999352683,0.9838420163593288,0.3269230703035629,1.0104357898235317,Normal
0.4762161388246022,0.5324692236543641,0.5359978074225575,0.8766666732982611,0.5511669695794887,0.1115384746923346,2.2557206451892853,Normal
